Date,Time,Visitor,G,Home,G.1,Unnamed: 6,Att.,LOG,Notes
2024-10-04,1:00 PM,New Jersey Devils,4.0,Buffalo Sabres,1.0,,16913.0,2:27,"at O2 Arena (Prague, CZ)"
2024-10-05,10:00 AM,Buffalo Sabres,1.0,New Jersey Devils,3.0,,16722.0,2:26,"at O2 Arena (Prague, CZ)"
2024-10-08,7:00 PM,Boston Bruins,4.0,Florida Panthers,6.0,,19813.0,2:39,
2024-10-08,4:30 PM,St. Louis Blues,3.0,Seattle Kraken,2.0,,17151.0,2:37,
2024-10-08,10:00 PM,Chicago Blackhawks,2.0,Utah Hockey Club,5.0,,11131.0,2:30,
2024-10-09,10:00 PM,Winnipeg Jets,6.0,Edmonton Oilers,0.0,,18347.0,2:18,
2024-10-09,7:00 PM,Toronto Maple Leafs,0.0,Montreal Canadiens,1.0,,21105.0,2:18,
2024-10-09,7:30 PM,New York Rangers,6.0,Pittsburgh Penguins,0.0,,18190.0,2:29,
2024-10-09,10:00 PM,Calgary Flames,6.0,Vancouver Canucks,5.0,OT,18850.0,2:44,
2024-10-09,10:00 PM,Colorado Avalanche,4.0,Vegas Golden Knights,8.0,,18388.0,2:27,
2024-10-10,7:00 PM,Montreal Canadiens,4.0,Boston Bruins,6.0,,17850.0,2:44,
2024-10-10,7:00 PM,Los Angeles Kings,3.0,Buffalo Sabres,1.0,,19070.0,2:38,
2024-10-10,8:00 PM,Pittsburgh Penguins,6.0,Detroit Red Wings,3.0,,19515.0,2:36,
2024-10-10,8:00 PM,Columbus Blue Jackets,2.0,Minnesota Wild,3.0,,18613.0,2:29,
2024-10-10,7:00 PM,Toronto Maple Leafs,4.0,New Jersey Devils,2.0,,16764.0,2:24,
2024-10-10,8:00 PM,Dallas Stars,4.0,Nashville Predators,3.0,,17544.0,2:32,
2024-10-10,7:30 PM,Utah Hockey Club,5.0,New York Islanders,4.0,OT,17255.0,2:41,
2024-10-10,7:00 PM,Florida Panthers,1.0,Ottawa Senators,3.0,,19346.0,2:22,
2024-10-10,10:30 PM,St. Louis Blues,5.0,San Jose Sharks,4.0,OT,17435.0,2:32,
2024-10-11,7:00 PM,Tampa Bay Lightning,4.0,Carolina Hurricanes,1.0,,18817.0,2:35,
2024-10-11,10:00 PM,Philadelphia Flyers,3.0,Vancouver Canucks,2.0,SO,18875.0,2:47,
2024-10-11,10:00 PM,St. Louis Blues,3.0,Vegas Golden Knights,4.0,,17861.0,2:25,
2024-10-11,8:00 PM,Chicago Blackhawks,1.0,Winnipeg Jets,2.0,OT,14564.0,2:26,
2024-10-12,1:00 PM,Los Angeles Kings,1.0,Boston Bruins,2.0,OT,17850.0,2:28,
2024-10-12,7:00 PM,Florida Panthers,2.0,Buffalo Sabres,5.0,,16644.0,2:27,
2024-10-12,10:00 PM,Philadelphia Flyers,3.0,Calgary Flames,6.0,,19289.0,2:38,
2024-10-12,9:00 PM,Columbus Blue Jackets,6.0,Colorado Avalanche,4.0,,18080.0,2:35,
2024-10-12,8:00 PM,New York Islanders,0.0,Dallas Stars,3.0,,18532.0,2:25,
2024-10-12,7:00 PM,Nashville Predators,0.0,Detroit Red Wings,3.0,,19515.0,2:37,
2024-10-12,10:00 PM,Chicago Blackhawks,5.0,Edmonton Oilers,2.0,,18347.0,2:28,
2024-10-12,8:00 PM,Seattle Kraken,5.0,Minnesota Wild,4.0,SO,18421.0,2:43,
2024-10-12,7:00 PM,Ottawa Senators,1.0,Montreal Canadiens,4.0,,21105.0,2:31,
2024-10-12,7:00 PM,Utah Hockey Club,6.0,New York Rangers,5.0,OT,18006.0,2:45,
2024-10-12,10:00 PM,Anaheim Ducks,2.0,San Jose Sharks,0.0,,17016.0,2:28,
2024-10-12,7:00 PM,Pittsburgh Penguins,2.0,Toronto Maple Leafs,4.0,,18934.0,2:21,
2024-10-12,7:00 PM,New Jersey Devils,5.0,Washington Capitals,3.0,,18573.0,2:31,
2024-10-13,8:00 PM,Seattle Kraken,0.0,Dallas Stars,2.0,,18532.0,2:23,
2024-10-13,8:00 PM,Calgary Flames,4.0,Edmonton Oilers,1.0,,18347.0,2:29,
2024-10-13,10:00 PM,Anaheim Ducks,1.0,Vegas Golden Knights,3.0,,18027.0,2:19,
2024-10-13,6:00 PM,Minnesota Wild,1.0,Winnipeg Jets,2.0,OT,12916.0,2:28,
2024-10-14,1:00 PM,Florida Panthers,4.0,Boston Bruins,3.0,,17850.0,2:36,
2024-10-14,9:00 PM,New York Islanders,6.0,Colorado Avalanche,2.0,,18017.0,2:41,
2024-10-14,7:30 PM,Pittsburgh Penguins,6.0,Montreal Canadiens,3.0,,21105.0,2:22,
2024-10-14,1:00 PM,Utah Hockey Club,0.0,New Jersey Devils,3.0,,16514.0,2:20,
2024-10-14,7:00 PM,Detroit Red Wings,1.0,New York Rangers,4.0,,17510.0,2:35,
2024-10-14,1:00 PM,Los Angeles Kings,7.0,Ottawa Senators,8.0,OT,16788.0,2:49,
2024-10-15,7:00 PM,New Jersey Devils,2.0,Carolina Hurricanes,4.0,,18700.0,2:24,
2024-10-15,7:00 PM,Florida Panthers,4.0,Columbus Blue Jackets,3.0,,18484.0,2:27,
2024-10-15,9:00 PM,Chicago Blackhawks,1.0,Calgary Flames,3.0,,16242.0,2:27,
2024-10-15,8:00 PM,San Jose Sharks,2.0,Dallas Stars,3.0,SO,18532.0,2:36,
2024-10-15,10:00 PM,Philadelphia Flyers,3.0,Edmonton Oilers,4.0,OT,18347.0,2:46,
2024-10-15,8:00 PM,Seattle Kraken,7.0,Nashville Predators,3.0,,17159.0,2:34,
2024-10-15,7:30 PM,Minnesota Wild,4.0,St. Louis Blues,1.0,,18096.0,2:25,
2024-10-15,7:00 PM,Vancouver Canucks,1.0,Tampa Bay Lightning,4.0,,19092.0,2:28,
2024-10-15,7:00 PM,Vegas Golden Knights,2.0,Washington Capitals,4.0,,16727.0,2:28,
2024-10-16,10:00 PM,Utah Hockey Club,4.0,Anaheim Ducks,5.0,OT,17245.0,2:44,
2024-10-16,9:30 PM,Boston Bruins,5.0,Colorado Avalanche,3.0,,18024.0,2:34,
2024-10-16,7:00 PM,Buffalo Sabres,5.0,Pittsburgh Penguins,6.0,OT,15644.0,2:42,
2024-10-16,7:30 PM,Los Angeles Kings,2.0,Toronto Maple Leafs,6.0,,18852.0,2:29,
2024-10-17,7:00 PM,Buffalo Sabres,4.0,Columbus Blue Jackets,6.0,,16126.0,2:25,
2024-10-17,8:30 PM,San Jose Sharks,2.0,Chicago Blackhawks,4.0,,19056.0,2:26,
2024-10-17,7:30 PM,New York Rangers,5.0,Detroit Red Wings,2.0,,19515.0,2:33,
2024-10-17,7:00 PM,Vancouver Canucks,3.0,Florida Panthers,2.0,OT,17865.0,2:40,
2024-10-17,7:00 PM,Los Angeles Kings,4.0,Montreal Canadiens,1.0,,21105.0,2:30,
2024-10-17,8:00 PM,Edmonton Oilers,4.0,Nashville Predators,2.0,,17159.0,2:39,
2024-10-17,7:00 PM,New Jersey Devils,3.0,Ottawa Senators,1.0,,15192.0,2:21,
2024-10-17,10:00 PM,Philadelphia Flyers,4.0,Seattle Kraken,6.0,,17151.0,2:31,
2024-10-17,8:00 PM,New York Islanders,0.0,St. Louis Blues,1.0,OT,17109.0,2:20,
2024-10-17,7:00 PM,Vegas Golden Knights,3.0,Tampa Bay Lightning,4.0,,19092.0,2:22,
2024-10-17,7:00 PM,Dallas Stars,2.0,Washington Capitals,3.0,,17034.0,2:33,
2024-10-18,9:00 PM,Anaheim Ducks,3.0,Colorado Avalanche,4.0,OT,18071.0,2:37,
2024-10-18,7:00 PM,Carolina Hurricanes,4.0,Pittsburgh Penguins,1.0,,17074.0,2:24,
2024-10-18,8:00 PM,San Jose Sharks,3.0,Winnipeg Jets,8.0,,13422.0,2:23,
2024-10-19,7:00 PM,Minnesota Wild,3.0,Columbus Blue Jackets,1.0,,16876.0,2:25,
2024-10-19,8:00 PM,Buffalo Sabres,4.0,Chicago Blackhawks,2.0,,18773.0,2:27,
2024-10-19,4:00 PM,Edmonton Oilers,1.0,Dallas Stars,4.0,,18532.0,2:25,
2024-10-19,6:00 PM,Vegas Golden Knights,3.0,Florida Panthers,4.0,OT,19572.0,2:35,
2024-10-19,7:00 PM,Washington Capitals,6.0,New Jersey Devils,5.0,OT,16514.0,2:42,
2024-10-19,2:00 PM,Detroit Red Wings,5.0,Nashville Predators,2.0,,17159.0,2:39,
2024-10-19,7:00 PM,Montreal Canadiens,3.0,New York Islanders,4.0,SO,15411.0,2:46,
2024-10-19,1:00 PM,Tampa Bay Lightning,4.0,Ottawa Senators,5.0,,16188.0,2:34,
2024-10-19,7:00 PM,Vancouver Canucks,3.0,Philadelphia Flyers,0.0,,19083.0,2:31,
2024-10-19,10:00 PM,Calgary Flames,1.0,Seattle Kraken,2.0,OT,17151.0,2:33,
2024-10-19,7:00 PM,Carolina Hurricanes,3.0,St. Louis Blues,4.0,,18096.0,2:38,
2024-10-19,7:00 PM,New York Rangers,4.0,Toronto Maple Leafs,1.0,,18988.0,2:24,
2024-10-19,9:00 PM,Boston Bruins,1.0,Utah Hockey Club,2.0,OT,11131.0,2:30,
2024-10-20,8:00 PM,Los Angeles Kings,4.0,Anaheim Ducks,1.0,,16098.0,2:22,
2024-10-20,8:00 PM,Colorado Avalanche,4.0,San Jose Sharks,1.0,,14125.0,2:32,
2024-10-20,3:00 PM,Pittsburgh Penguins,3.0,Winnipeg Jets,6.0,,13760.0,2:27,
2024-10-21,7:30 PM,Tampa Bay Lightning,2.0,Toronto Maple Leafs,5.0,,18356.0,2:29,
2024-10-22,10:15 PM,San Jose Sharks,1.0,Anaheim Ducks,3.0,,17174.0,2:40,
2024-10-22,7:00 PM,Dallas Stars,2.0,Buffalo Sabres,4.0,,13014.0,2:18,
2024-10-22,7:30 PM,Toronto Maple Leafs,2.0,Columbus Blue Jackets,6.0,,14852.0,2:33,
2024-10-22,9:30 PM,Pittsburgh Penguins,3.0,Calgary Flames,4.0,SO,17025.0,2:52,
2024-10-22,8:15 PM,Vancouver Canucks,6.0,Chicago Blackhawks,3.0,,17118.0,2:32,
2024-10-22,9:00 PM,Carolina Hurricanes,3.0,Edmonton Oilers,2.0,OT,18347.0,2:31,
2024-10-22,6:30 PM,Minnesota Wild,5.0,Florida Panthers,1.0,,18264.0,2:22,
2024-10-22,7:15 PM,New York Rangers,7.0,Montreal Canadiens,2.0,,21105.0,2:28,
2024-10-22,6:45 PM,Tampa Bay Lightning,8.0,New Jersey Devils,5.0,,15410.0,2:42,
2024-10-22,8:45 PM,Boston Bruins,0.0,Nashville Predators,4.0,,17184.0,2:26,
2024-10-22,7:45 PM,Detroit Red Wings,1.0,New York Islanders,0.0,,12739.0,2:28,
2024-10-22,6:00 PM,Washington Capitals,4.0,Philadelphia Flyers,1.0,,18132.0,2:26,
2024-10-22,8:30 PM,Colorado Avalanche,3.0,Seattle Kraken,2.0,,17151.0,2:24,
2024-10-22,8:00 PM,Winnipeg Jets,3.0,St. Louis Blues,2.0,,17335.0,2:22,
2024-10-22,9:15 PM,Ottawa Senators,4.0,Utah Hockey Club,0.0,,11131.0,2:27,
2024-10-22,11:00 PM,Los Angeles Kings,1.0,Vegas Golden Knights,6.0,,17767.0,2:27,
2024-10-23,7:30 PM,Philadelphia Flyers,3.0,Washington Capitals,6.0,,17254.0,2:44,
2024-10-24,7:00 PM,Dallas Stars,5.0,Boston Bruins,2.0,,17850.0,2:27,
2024-10-24,9:00 PM,Carolina Hurricanes,4.0,Calgary Flames,2.0,,16404.0,2:35,
2024-10-24,7:00 PM,New Jersey Devils,3.0,Detroit Red Wings,5.0,,19515.0,2:36,
2024-10-24,10:30 PM,San Jose Sharks,2.0,Los Angeles Kings,3.0,,18146.0,2:30,
2024-10-24,7:00 PM,Florida Panthers,3.0,New York Rangers,1.0,,18006.0,2:23,
2024-10-24,10:00 PM,Winnipeg Jets,4.0,Seattle Kraken,3.0,OT,17151.0,2:38,
2024-10-24,7:00 PM,Minnesota Wild,4.0,Tampa Bay Lightning,2.0,,19092.0,2:29,
2024-10-24,7:00 PM,St. Louis Blues,5.0,Toronto Maple Leafs,1.0,,18414.0,2:29,
2024-10-24,9:00 PM,Colorado Avalanche,5.0,Utah Hockey Club,1.0,,11131.0,2:28,
2024-10-25,8:30 PM,Nashville Predators,3.0,Chicago Blackhawks,2.0,,17787.0,2:36,
2024-10-25,9:00 PM,Pittsburgh Penguins,0.0,Edmonton Oilers,4.0,,18347.0,2:25,
2024-10-25,7:00 PM,New York Islanders,4.0,New Jersey Devils,3.0,OT,14870.0,2:33,
2024-10-25,6:00 PM,Ottawa Senators,4.0,Vegas Golden Knights,6.0,,17564.0,2:37,
2024-10-26,7:00 PM,Toronto Maple Leafs,3.0,Boston Bruins,4.0,OT,17850.0,2:38,
2024-10-26,1:00 PM,Detroit Red Wings,3.0,Buffalo Sabres,5.0,,15017.0,2:34,
2024-10-26,7:00 PM,Winnipeg Jets,5.0,Calgary Flames,3.0,,16886.0,2:36,
2024-10-26,8:00 PM,Chicago Blackhawks,2.0,Dallas Stars,4.0,,18532.0,2:22,
2024-10-26,4:00 PM,Utah Hockey Club,2.0,Los Angeles Kings,3.0,,15116.0,2:30,
2024-10-26,7:00 PM,St. Louis Blues,2.0,Montreal Canadiens,5.0,,21105.0,2:26,
2024-10-26,8:00 PM,Columbus Blue Jackets,3.0,Nashville Predators,4.0,OT,17159.0,2:31,
2024-10-26,7:30 PM,Florida Panthers,6.0,New York Islanders,3.0,,15807.0,2:31,
2024-10-26,7:00 PM,Anaheim Ducks,1.0,New York Rangers,2.0,,18006.0,2:32,
2024-10-26,1:00 PM,Minnesota Wild,5.0,Philadelphia Flyers,7.0,,18238.0,2:33,
2024-10-26,10:00 PM,Carolina Hurricanes,4.0,Seattle Kraken,1.0,,17151.0,2:28,
2024-10-26,7:00 PM,Washington Capitals,0.0,Tampa Bay Lightning,3.0,,19092.0,2:37,
2024-10-26,10:00 PM,Pittsburgh Penguins,3.0,Vancouver Canucks,4.0,,18748.0,2:25,
2024-10-26,10:00 PM,San Jose Sharks,3.0,Vegas Golden Knights,7.0,,17686.0,2:26,
2024-10-27,9:00 PM,Ottawa Senators,4.0,Colorado Avalanche,5.0,,18020.0,2:33,
2024-10-27,6:00 PM,Edmonton Oilers,3.0,Detroit Red Wings,2.0,OT,19515.0,2:31,
2024-10-27,7:00 PM,Anaheim Ducks,2.0,New Jersey Devils,6.0,,14344.0,2:31,
2024-10-27,7:00 PM,Montreal Canadiens,4.0,Philadelphia Flyers,3.0,,17440.0,2:31,
2024-10-28,7:00 PM,Florida Panthers,5.0,Buffalo Sabres,2.0,,12906.0,2:33,
2024-10-28,7:00 PM,Edmonton Oilers,1.0,Columbus Blue Jackets,6.0,,15237.0,2:24,
2024-10-28,9:00 PM,Chicago Blackhawks,5.0,Colorado Avalanche,2.0,,18010.0,2:25,
2024-10-28,7:30 PM,Nashville Predators,2.0,Tampa Bay Lightning,3.0,OT,19092.0,2:39,
2024-10-28,9:00 PM,San Jose Sharks,5.0,Utah Hockey Club,4.0,OT,11131.0,2:41,
2024-10-28,10:00 PM,Carolina Hurricanes,4.0,Vancouver Canucks,3.0,OT,18682.0,2:33,
2024-10-28,10:00 PM,Calgary Flames,0.0,Vegas Golden Knights,5.0,,17599.0,2:27,
2024-10-28,7:30 PM,Toronto Maple Leafs,6.0,Winnipeg Jets,4.0,,15225.0,2:29,
2024-10-29,7:00 PM,Philadelphia Flyers,2.0,Boston Bruins,0.0,,17850.0,2:30,
2024-10-29,7:00 PM,Seattle Kraken,8.0,Montreal Canadiens,2.0,,21105.0,2:37,
2024-10-29,7:00 PM,Anaheim Ducks,3.0,New York Islanders,1.0,,14234.0,2:27,
2024-10-29,7:00 PM,St. Louis Blues,1.0,Ottawa Senators,8.0,,15784.0,2:29,
2024-10-29,7:00 PM,Minnesota Wild,5.0,Pittsburgh Penguins,3.0,,18195.0,2:28,
2024-10-29,10:00 PM,Los Angeles Kings,2.0,San Jose Sharks,4.0,,10818.0,2:26,
2024-10-29,7:30 PM,New York Rangers,3.0,Washington Capitals,5.0,,17390.0,2:31,
2024-10-30,7:00 PM,New York Islanders,0.0,Columbus Blue Jackets,2.0,,14015.0,2:19,
2024-10-30,9:00 PM,Tampa Bay Lightning,5.0,Colorado Avalanche,2.0,,18019.0,2:31,
2024-10-30,7:30 PM,Winnipeg Jets,6.0,Detroit Red Wings,2.0,,18780.0,2:21,
2024-10-30,10:00 PM,Vegas Golden Knights,3.0,Los Angeles Kings,6.0,,15007.0,2:27,
2024-10-30,9:30 PM,Calgary Flames,1.0,Utah Hockey Club,5.0,,11131.0,2:32,
2024-10-30,10:30 PM,New Jersey Devils,6.0,Vancouver Canucks,0.0,,18717.0,2:24,
2024-10-31,7:00 PM,Boston Bruins,2.0,Carolina Hurricanes,8.0,,18700.0,2:39,
2024-10-31,8:00 PM,Edmonton Oilers,5.0,Nashville Predators,1.0,,17159.0,2:24,
2024-10-31,7:00 PM,St. Louis Blues,1.0,Philadelphia Flyers,2.0,,14122.0,2:14,
2024-10-31,7:00 PM,Anaheim Ducks,1.0,Pittsburgh Penguins,2.0,OT,14945.0,2:32,
2024-10-31,10:30 PM,Chicago Blackhawks,2.0,San Jose Sharks,3.0,,10315.0,2:15,
2024-10-31,7:00 PM,Seattle Kraken,1.0,Toronto Maple Leafs,4.0,,18181.0,2:23,
2024-10-31,7:00 PM,Montreal Canadiens,3.0,Washington Capitals,6.0,,15789.0,2:41,
2024-11-01,7:00 PM,New York Islanders,4.0,Buffalo Sabres,3.0,,17074.0,2:33,
2024-11-01,7:00 PM,Winnipeg Jets,6.0,Columbus Blue Jackets,2.0,,15823.0,2:24,
2024-11-01,9:00 PM,New Jersey Devils,0.0,Calgary Flames,3.0,,16275.0,2:32,
2024-11-01,2:00 PM,Florida Panthers,6.0,Dallas Stars,4.0,,12786.0,2:33,"at Nokia Arena (Tampere, FI)"
2024-11-01,8:00 PM,Tampa Bay Lightning,3.0,Minnesota Wild,5.0,,18104.0,2:27,
2024-11-01,7:00 PM,Ottawa Senators,1.0,New York Rangers,2.0,,18006.0,2:29,
2024-11-02,7:00 PM,Buffalo Sabres,1.0,Detroit Red Wings,2.0,,19515.0,2:27,
2024-11-02,12:00 PM,Dallas Stars,2.0,Florida Panthers,4.0,,12807.0,2:28,"at Nokia Arena (Tampere, FI)"
2024-11-02,4:00 PM,Chicago Blackhawks,4.0,Los Angeles Kings,3.0,SO,17314.0,2:33,
2024-11-02,8:00 PM,Colorado Avalanche,2.0,Nashville Predators,5.0,,17213.0,2:31,
2024-11-02,7:00 PM,Seattle Kraken,0.0,Ottawa Senators,3.0,,17274.0,2:24,
2024-11-02,1:00 PM,Boston Bruins,3.0,Philadelphia Flyers,0.0,,17429.0,2:26,
2024-11-02,7:00 PM,Montreal Canadiens,1.0,Pittsburgh Penguins,3.0,,17362.0,2:27,
2024-11-02,10:00 PM,Vancouver Canucks,3.0,San Jose Sharks,2.0,,17435.0,2:20,
2024-11-02,7:00 PM,Toronto Maple Leafs,2.0,St. Louis Blues,4.0,,18096.0,2:25,
2024-11-02,10:00 PM,Utah Hockey Club,3.0,Vegas Golden Knights,4.0,OT,18216.0,2:28,
2024-11-02,5:00 PM,Columbus Blue Jackets,2.0,Washington Capitals,7.0,,17666.0,2:27,
2024-11-03,8:00 PM,Chicago Blackhawks,4.0,Anaheim Ducks,2.0,,16352.0,2:23,
2024-11-03,5:00 PM,Seattle Kraken,0.0,Boston Bruins,2.0,,17850.0,2:38,
2024-11-03,5:00 PM,Washington Capitals,2.0,Carolina Hurricanes,4.0,,18796.0,2:32,
2024-11-03,8:00 PM,Edmonton Oilers,4.0,Calgary Flames,2.0,,19289.0,2:33,
2024-11-03,6:00 PM,Toronto Maple Leafs,1.0,Minnesota Wild,2.0,OT,18096.0,2:31,
2024-11-03,1:00 PM,New York Islanders,2.0,New York Rangers,5.0,,18006.0,2:32,
2024-11-03,3:00 PM,Tampa Bay Lightning,4.0,Winnipeg Jets,7.0,,12912.0,2:36,
2024-11-04,8:30 PM,New Jersey Devils,3.0,Edmonton Oilers,0.0,,18347.0,2:22,
2024-11-04,8:00 PM,Los Angeles Kings,3.0,Nashville Predators,0.0,,17168.0,2:30,
2024-11-05,10:00 PM,Vancouver Canucks,5.0,Anaheim Ducks,1.0,,13538.0,2:30,
2024-11-05,7:00 PM,Ottawa Senators,1.0,Buffalo Sabres,5.0,,12260.0,2:36,
2024-11-05,7:00 PM,Philadelphia Flyers,4.0,Carolina Hurricanes,6.0,,18700.0,2:27,
2024-11-05,9:00 PM,Seattle Kraken,3.0,Colorado Avalanche,6.0,,18014.0,2:32,
2024-11-05,8:00 PM,Los Angeles Kings,5.0,Minnesota Wild,1.0,,17617.0,2:30,
2024-11-05,7:00 PM,Calgary Flames,3.0,Montreal Canadiens,2.0,OT,21105.0,2:34,
2024-11-05,7:30 PM,Pittsburgh Penguins,3.0,New York Islanders,4.0,SO,14025.0,2:45,
2024-11-05,10:30 PM,Columbus Blue Jackets,1.0,San Jose Sharks,2.0,OT,10376.0,2:29,
2024-11-05,8:00 PM,Tampa Bay Lightning,2.0,St. Louis Blues,3.0,,17161.0,2:22,
2024-11-05,7:00 PM,Boston Bruins,0.0,Toronto Maple Leafs,4.0,,18730.0,2:35,
2024-11-05,8:00 PM,Utah Hockey Club,0.0,Winnipeg Jets,3.0,,12932.0,2:26,
2024-11-06,8:00 PM,Detroit Red Wings,4.0,Chicago Blackhawks,1.0,,19984.0,2:24,
2024-11-06,8:30 PM,Vegas Golden Knights,4.0,Edmonton Oilers,2.0,,18347.0,2:27,
2024-11-06,7:00 PM,Nashville Predators,2.0,Washington Capitals,3.0,,17177.0,2:44,
2024-11-07,7:00 PM,Calgary Flames,3.0,Boston Bruins,4.0,OT,17850.0,2:40,
2024-11-07,7:00 PM,Pittsburgh Penguins,1.0,Carolina Hurricanes,5.0,,18700.0,2:21,
2024-11-07,8:00 PM,Chicago Blackhawks,1.0,Dallas Stars,3.0,,18532.0,2:23,
2024-11-07,7:00 PM,Nashville Predators,2.0,Florida Panthers,6.0,,18264.0,2:38,
2024-11-07,10:30 PM,Vancouver Canucks,4.0,Los Angeles Kings,2.0,,17855.0,2:24,
2024-11-07,7:00 PM,Montreal Canadiens,3.0,New Jersey Devils,5.0,,16514.0,2:25,
2024-11-07,7:00 PM,Buffalo Sabres,6.0,New York Rangers,1.0,,18006.0,2:28,
2024-11-07,7:00 PM,New York Islanders,4.0,Ottawa Senators,2.0,,15677.0,2:26,
2024-11-07,10:30 PM,Minnesota Wild,5.0,San Jose Sharks,2.0,,10526.0,2:28,
2024-11-07,8:00 PM,Utah Hockey Club,4.0,St. Louis Blues,2.0,,17528.0,2:40,
2024-11-07,7:30 PM,Philadelphia Flyers,2.0,Tampa Bay Lightning,1.0,SO,19092.0,2:31,
2024-11-07,8:00 PM,Colorado Avalanche,0.0,Winnipeg Jets,1.0,,12918.0,2:29,
2024-11-08,10:00 PM,Minnesota Wild,5.0,Anaheim Ducks,2.0,,14706.0,2:22,
2024-11-08,10:00 PM,Vegas Golden Knights,3.0,Seattle Kraken,4.0,OT,17151.0,2:28,
2024-11-08,7:00 PM,Detroit Red Wings,1.0,Toronto Maple Leafs,3.0,,19152.0,2:27,
2024-11-08,7:30 PM,Pittsburgh Penguins,4.0,Washington Capitals,2.0,,18573.0,2:29,
2024-11-09,7:00 PM,Ottawa Senators,3.0,Boston Bruins,2.0,OT,17850.0,2:32,
2024-11-09,1:00 PM,Calgary Flames,2.0,Buffalo Sabres,3.0,SO,16442.0,2:44,
2024-11-09,9:00 PM,Carolina Hurricanes,4.0,Colorado Avalanche,6.0,,18089.0,2:38,
2024-11-09,7:00 PM,New York Rangers,4.0,Detroit Red Wings,0.0,,19515.0,2:32,
2024-11-09,6:00 PM,Philadelphia Flyers,3.0,Florida Panthers,4.0,SO,19547.0,2:50,
2024-11-09,9:00 PM,Columbus Blue Jackets,2.0,Los Angeles Kings,5.0,,18145.0,2:24,
2024-11-09,8:00 PM,Utah Hockey Club,0.0,Nashville Predators,4.0,,17159.0,2:27,
2024-11-09,7:30 PM,New Jersey Devils,4.0,New York Islanders,3.0,OT,17255.0,2:25,
2024-11-09,7:00 PM,Washington Capitals,8.0,St. Louis Blues,1.0,,18096.0,2:26,
2024-11-09,7:00 PM,Montreal Canadiens,1.0,Toronto Maple Leafs,4.0,,19277.0,2:32,
2024-11-09,10:00 PM,Edmonton Oilers,7.0,Vancouver Canucks,3.0,,18714.0,2:31,
2024-11-09,3:00 PM,Dallas Stars,1.0,Winnipeg Jets,4.0,,15225.0,2:28,
2024-11-10,8:00 PM,Columbus Blue Jackets,2.0,Anaheim Ducks,4.0,,16153.0,2:27,
2024-11-10,7:00 PM,Minnesota Wild,1.0,Chicago Blackhawks,2.0,OT,19657.0,2:25,
2024-11-10,7:00 PM,San Jose Sharks,1.0,New Jersey Devils,0.0,,16514.0,2:24,
2024-11-11,12:30 PM,Montreal Canadiens,7.0,Buffalo Sabres,5.0,,15687.0,2:35,
2024-11-11,8:30 PM,Los Angeles Kings,1.0,Calgary Flames,3.0,,16920.0,2:27,
2024-11-11,9:00 PM,Nashville Predators,2.0,Colorado Avalanche,3.0,OT,18016.0,2:30,
2024-11-11,7:00 PM,San Jose Sharks,3.0,Philadelphia Flyers,4.0,SO,18706.0,2:44,
2024-11-11,7:00 PM,Dallas Stars,7.0,Pittsburgh Penguins,1.0,,16526.0,2:19,
2024-11-11,10:00 PM,Carolina Hurricanes,5.0,Vegas Golden Knights,2.0,,17908.0,2:32,
2024-11-12,9:00 PM,New York Islanders,3.0,Edmonton Oilers,4.0,OT,18347.0,2:32,
2024-11-12,7:30 PM,New Jersey Devils,4.0,Florida Panthers,1.0,,18677.0,2:29,
2024-11-12,7:00 PM,Winnipeg Jets,6.0,New York Rangers,3.0,,18006.0,2:25,
2024-11-12,10:00 PM,Columbus Blue Jackets,2.0,Seattle Kraken,5.0,,17151.0,2:24,
2024-11-12,8:00 PM,Boston Bruins,3.0,St. Louis Blues,2.0,,18096.0,2:27,
2024-11-12,7:00 PM,Ottawa Senators,3.0,Toronto Maple Leafs,0.0,,18648.0,2:33,
2024-11-12,10:00 PM,Calgary Flames,1.0,Vancouver Canucks,3.0,,18781.0,2:29,
2024-11-13,10:00 PM,Vegas Golden Knights,3.0,Anaheim Ducks,2.0,,13153.0,2:25,
2024-11-13,10:00 PM,Los Angeles Kings,2.0,Colorado Avalanche,4.0,,18059.0,2:28,
2024-11-13,7:30 PM,Detroit Red Wings,3.0,Pittsburgh Penguins,2.0,OT,15191.0,2:27,
2024-11-13,9:00 PM,Carolina Hurricanes,1.0,Utah Hockey Club,4.0,,11131.0,2:41,
2024-11-13,7:30 PM,Toronto Maple Leafs,4.0,Washington Capitals,3.0,OT,18573.0,2:49,
2024-11-14,7:30 PM,St. Louis Blues,3.0,Buffalo Sabres,4.0,OT,13943.0,2:38,
2024-11-14,8:00 PM,Boston Bruins,2.0,Dallas Stars,7.0,,18532.0,2:33,
2024-11-14,9:00 PM,Nashville Predators,2.0,Edmonton Oilers,3.0,OT,18347.0,2:33,
2024-11-14,7:00 PM,New Jersey Devils,6.0,Florida Panthers,2.0,,18573.0,2:31,
2024-11-14,8:00 PM,Montreal Canadiens,0.0,Minnesota Wild,3.0,,17012.0,2:25,
2024-11-14,7:00 PM,San Jose Sharks,2.0,New York Rangers,3.0,,18006.0,2:26,
2024-11-14,7:00 PM,Philadelphia Flyers,5.0,Ottawa Senators,4.0,OT,17162.0,2:34,
2024-11-14,10:00 PM,Chicago Blackhawks,1.0,Seattle Kraken,3.0,,17151.0,2:26,
2024-11-14,7:00 PM,Winnipeg Jets,1.0,Tampa Bay Lightning,4.0,,19092.0,2:30,
2024-11-14,10:00 PM,New York Islanders,5.0,Vancouver Canucks,2.0,,18728.0,2:34,
2024-11-15,10:00 PM,Detroit Red Wings,4.0,Anaheim Ducks,6.0,,14154.0,2:29,
2024-11-15,7:00 PM,Pittsburgh Penguins,2.0,Columbus Blue Jackets,6.0,,18348.0,2:26,
2024-11-15,9:00 PM,Nashville Predators,0.0,Calgary Flames,2.0,,17900.0,2:44,
2024-11-15,9:00 PM,Washington Capitals,5.0,Colorado Avalanche,2.0,,18083.0,2:32,
2024-11-15,9:00 PM,Vegas Golden Knights,4.0,Utah Hockey Club,2.0,,11131.0,2:35,
2024-11-16,1:00 PM,St. Louis Blues,3.0,Boston Bruins,2.0,OT,17850.0,2:39,
2024-11-16,7:00 PM,Ottawa Senators,0.0,Carolina Hurricanes,4.0,,18808.0,2:30,
2024-11-16,7:00 PM,Winnipeg Jets,0.0,Florida Panthers,5.0,,19157.0,2:27,
2024-11-16,8:00 PM,Detroit Red Wings,1.0,Los Angeles Kings,4.0,,18145.0,2:28,
2024-11-16,8:00 PM,Dallas Stars,2.0,Minnesota Wild,1.0,,18143.0,2:23,
2024-11-16,7:00 PM,Columbus Blue Jackets,1.0,Montreal Canadiens,5.0,,21105.0,2:24,
2024-11-16,7:00 PM,Buffalo Sabres,2.0,Philadelphia Flyers,5.0,,18793.0,2:38,
2024-11-16,7:00 PM,San Jose Sharks,3.0,Pittsburgh Penguins,4.0,SO,18194.0,2:44,
2024-11-16,4:00 PM,New York Islanders,2.0,Seattle Kraken,3.0,,17151.0,2:29,
2024-11-16,7:00 PM,New Jersey Devils,0.0,Tampa Bay Lightning,4.0,,19092.0,2:33,
2024-11-16,7:00 PM,Edmonton Oilers,3.0,Toronto Maple Leafs,4.0,OT,19301.0,2:25,
2024-11-16,10:00 PM,Chicago Blackhawks,1.0,Vancouver Canucks,4.0,,18620.0,2:22,
2024-11-17,5:00 PM,St. Louis Blues,1.0,Carolina Hurricanes,4.0,,18797.0,2:26,
2024-11-17,9:00 PM,New York Rangers,2.0,Seattle Kraken,0.0,,17151.0,2:17,
2024-11-17,10:00 PM,Nashville Predators,5.0,Vancouver Canucks,3.0,,18587.0,2:20,
2024-11-17,8:00 PM,Washington Capitals,5.0,Vegas Golden Knights,2.0,,17877.0,2:39,
2024-11-18,7:00 PM,Columbus Blue Jackets,5.0,Boston Bruins,1.0,,17850.0,2:32,
2024-11-18,8:00 PM,Anaheim Ducks,4.0,Dallas Stars,2.0,,18532.0,2:29,
2024-11-18,7:30 PM,Edmonton Oilers,0.0,Montreal Canadiens,3.0,,21105.0,2:19,
2024-11-18,7:00 PM,Colorado Avalanche,3.0,Philadelphia Flyers,2.0,,18930.0,2:37,
2024-11-18,10:30 PM,Detroit Red Wings,4.0,San Jose Sharks,5.0,OT,11180.0,2:31,
2024-11-18,9:00 PM,Washington Capitals,6.0,Utah Hockey Club,2.0,,11131.0,2:40,
2024-11-19,9:00 PM,New York Islanders,1.0,Calgary Flames,2.0,SO,16565.0,2:39,
2024-11-19,8:30 PM,Anaheim Ducks,3.0,Chicago Blackhawks,2.0,,17712.0,2:22,
2024-11-19,7:00 PM,Edmonton Oilers,5.0,Ottawa Senators,2.0,,18676.0,2:30,
2024-11-19,7:00 PM,Tampa Bay Lightning,3.0,Pittsburgh Penguins,2.0,OT,16065.0,2:26,
2024-11-19,8:00 PM,Minnesota Wild,4.0,St. Louis Blues,2.0,,16463.0,2:30,
2024-11-19,10:00 PM,New York Rangers,4.0,Vancouver Canucks,3.0,,18688.0,2:34,
2024-11-19,8:00 PM,Florida Panthers,3.0,Winnipeg Jets,6.0,,15225.0,2:29,
2024-11-20,8:00 PM,San Jose Sharks,2.0,Dallas Stars,5.0,,18532.0,2:28,
2024-11-20,10:30 PM,Buffalo Sabres,1.0,Los Angeles Kings,0.0,,16778.0,2:24,
2024-11-20,7:30 PM,Carolina Hurricanes,4.0,Philadelphia Flyers,1.0,,17535.0,2:24,
2024-11-20,10:00 PM,Nashville Predators,0.0,Seattle Kraken,3.0,,17151.0,2:31,
2024-11-20,7:30 PM,Vegas Golden Knights,0.0,Toronto Maple Leafs,3.0,,18853.0,2:32,
2024-11-21,7:00 PM,Utah Hockey Club,0.0,Boston Bruins,1.0,,17850.0,2:34,
2024-11-21,7:00 PM,Tampa Bay Lightning,6.0,Columbus Blue Jackets,7.0,OT,16260.0,2:32,
2024-11-21,9:00 PM,New York Rangers,2.0,Calgary Flames,3.0,,17033.0,2:33,
2024-11-21,8:30 PM,Florida Panthers,1.0,Chicago Blackhawks,3.0,,19107.0,2:25,
2024-11-21,7:00 PM,New York Islanders,1.0,Detroit Red Wings,2.0,,19013.0,2:21,
2024-11-21,9:00 PM,Minnesota Wild,5.0,Edmonton Oilers,3.0,,18347.0,2:39,
2024-11-21,7:00 PM,Carolina Hurricanes,2.0,New Jersey Devils,4.0,,16086.0,2:23,
2024-11-21,7:00 PM,Vegas Golden Knights,3.0,Ottawa Senators,2.0,,16822.0,2:32,
2024-11-21,8:00 PM,San Jose Sharks,2.0,St. Louis Blues,3.0,SO,17273.0,2:39,
2024-11-21,7:00 PM,Colorado Avalanche,2.0,Washington Capitals,1.0,,17414.0,2:36,
2024-11-22,10:00 PM,Buffalo Sabres,3.0,Anaheim Ducks,2.0,OT,13776.0,2:27,
2024-11-22,7:00 PM,Winnipeg Jets,4.0,Pittsburgh Penguins,1.0,,15232.0,2:27,
2024-11-23,7:00 PM,Carolina Hurricanes,4.0,Columbus Blue Jackets,5.0,SO,16013.0,2:46,
2024-11-23,4:00 PM,Minnesota Wild,3.0,Calgary Flames,4.0,SO,17116.0,2:35,
2024-11-23,7:00 PM,Boston Bruins,2.0,Detroit Red Wings,1.0,,19515.0,2:31,
2024-11-23,10:00 PM,New York Rangers,2.0,Edmonton Oilers,6.0,,18347.0,2:22,
2024-11-23,6:00 PM,Colorado Avalanche,7.0,Florida Panthers,4.0,,18638.0,2:35,
2024-11-23,4:00 PM,Seattle Kraken,1.0,Los Angeles Kings,2.0,,18145.0,2:20,
2024-11-23,7:00 PM,Vegas Golden Knights,6.0,Montreal Canadiens,2.0,,21105.0,2:25,
2024-11-23,7:00 PM,Winnipeg Jets,1.0,Nashville Predators,4.0,,17159.0,2:28,
2024-11-23,7:30 PM,St. Louis Blues,1.0,New York Islanders,3.0,,17255.0,2:25,
2024-11-23,7:00 PM,Vancouver Canucks,4.0,Ottawa Senators,3.0,,18995.0,2:34,
2024-11-23,1:00 PM,Chicago Blackhawks,2.0,Philadelphia Flyers,3.0,OT,18714.0,2:29,
2024-11-23,7:00 PM,Utah Hockey Club,6.0,Pittsburgh Penguins,1.0,,16324.0,2:32,
2024-11-23,8:00 PM,Buffalo Sabres,4.0,San Jose Sharks,2.0,,17435.0,2:40,
2024-11-23,7:00 PM,Dallas Stars,4.0,Tampa Bay Lightning,2.0,,19092.0,2:34,
2024-11-23,7:00 PM,New Jersey Devils,3.0,Washington Capitals,2.0,,18573.0,2:31,
2024-11-24,7:00 PM,Utah Hockey Club,2.0,Toronto Maple Leafs,3.0,,18641.0,2:32,
2024-11-25,10:00 PM,Seattle Kraken,3.0,Anaheim Ducks,2.0,,15331.0,2:27,
2024-11-25,7:00 PM,Dallas Stars,4.0,Carolina Hurricanes,6.0,,18812.0,2:35,
2024-11-25,7:00 PM,Washington Capitals,4.0,Florida Panthers,1.0,,18504.0,2:31,
2024-11-25,8:00 PM,Winnipeg Jets,4.0,Minnesota Wild,1.0,,17686.0,2:27,
2024-11-25,7:00 PM,Nashville Predators,2.0,New Jersey Devils,5.0,,16514.0,2:31,
2024-11-25,7:30 PM,Detroit Red Wings,4.0,New York Islanders,2.0,,14900.0,2:18,
2024-11-25,7:00 PM,St. Louis Blues,5.0,New York Rangers,2.0,,18006.0,2:23,
2024-11-25,7:30 PM,Calgary Flames,3.0,Ottawa Senators,4.0,,17196.0,2:40,
2024-11-25,7:00 PM,Vegas Golden Knights,5.0,Philadelphia Flyers,4.0,SO,18050.0,2:43,
2024-11-25,10:30 PM,Los Angeles Kings,2.0,San Jose Sharks,7.0,,10713.0,2:27,
2024-11-25,7:00 PM,Colorado Avalanche,2.0,Tampa Bay Lightning,8.0,,19092.0,2:26,
2024-11-26,7:00 PM,Vancouver Canucks,2.0,Boston Bruins,0.0,,17850.0,2:36,
2024-11-26,7:00 PM,Utah Hockey Club,3.0,Montreal Canadiens,2.0,OT,21105.0,2:30,
2024-11-27,7:00 PM,Minnesota Wild,1.0,Buffalo Sabres,0.0,,17326.0,2:24,
2024-11-27,7:00 PM,New York Rangers,3.0,Carolina Hurricanes,4.0,,18905.0,2:24,
2024-11-27,7:30 PM,Montreal Canadiens,4.0,Columbus Blue Jackets,3.0,OT,15485.0,2:33,
2024-11-27,8:30 PM,Dallas Stars,2.0,Chicago Blackhawks,6.0,,19144.0,2:23,
2024-11-27,10:00 PM,Vegas Golden Knights,1.0,Colorado Avalanche,2.0,SO,18078.0,2:38,
2024-11-27,7:30 PM,Calgary Flames,1.0,Detroit Red Wings,2.0,OT,19515.0,2:36,
2024-11-27,7:30 PM,Toronto Maple Leafs,1.0,Florida Panthers,5.0,,18563.0,2:30,
2024-11-27,10:00 PM,Winnipeg Jets,1.0,Los Angeles Kings,4.0,,17395.0,2:29,
2024-11-27,7:00 PM,St. Louis Blues,3.0,New Jersey Devils,0.0,,16043.0,2:24,
2024-11-27,8:00 PM,Philadelphia Flyers,3.0,Nashville Predators,2.0,OT,17159.0,2:29,
2024-11-27,7:30 PM,Boston Bruins,6.0,New York Islanders,3.0,,16145.0,2:25,
2024-11-27,7:30 PM,Vancouver Canucks,4.0,Pittsburgh Penguins,5.0,,16016.0,2:20,
2024-11-27,10:00 PM,Anaheim Ducks,5.0,Seattle Kraken,2.0,,17151.0,2:37,
2024-11-27,10:30 PM,Ottawa Senators,4.0,San Jose Sharks,3.0,,10778.0,2:23,
2024-11-27,7:30 PM,Washington Capitals,5.0,Tampa Bay Lightning,4.0,,19092.0,2:37,
2024-11-29,3:30 PM,Los Angeles Kings,2.0,Anaheim Ducks,1.0,,17174.0,2:25,
2024-11-29,6:30 PM,Pittsburgh Penguins,2.0,Boston Bruins,1.0,,17850.0,2:31,
2024-11-29,3:00 PM,Vancouver Canucks,4.0,Buffalo Sabres,3.0,OT,18059.0,2:32,
2024-11-29,3:00 PM,Florida Panthers,6.0,Carolina Hurricanes,3.0,,18920.0,2:31,
2024-11-29,3:00 PM,Calgary Flames,2.0,Columbus Blue Jackets,5.0,,17035.0,2:40,
2024-11-29,9:00 PM,Colorado Avalanche,3.0,Dallas Stars,5.0,,18532.0,2:35,
2024-11-29,3:00 PM,New Jersey Devils,5.0,Detroit Red Wings,4.0,,19515.0,2:39,
2024-11-29,2:00 PM,Chicago Blackhawks,2.0,Minnesota Wild,3.0,,18532.0,2:19,
2024-11-29,3:00 PM,Tampa Bay Lightning,3.0,Nashville Predators,2.0,OT,18228.0,2:32,
2024-11-29,1:00 PM,New York Rangers,1.0,Philadelphia Flyers,3.0,,19346.0,2:24,
2024-11-29,3:30 PM,Seattle Kraken,5.0,San Jose Sharks,8.0,,14795.0,2:27,
2024-11-29,9:00 PM,Edmonton Oilers,4.0,Utah Hockey Club,3.0,OT,11131.0,2:30,
2024-11-29,8:30 PM,Winnipeg Jets,3.0,Vegas Golden Knights,4.0,,18044.0,2:22,
2024-11-29,3:00 PM,New York Islanders,4.0,Washington Capitals,5.0,OT,18573.0,2:41,
2024-11-30,10:00 PM,Edmonton Oilers,4.0,Colorado Avalanche,1.0,,18080.0,2:27,
2024-11-30,4:00 PM,Carolina Hurricanes,0.0,Florida Panthers,6.0,,18648.0,2:39,
2024-11-30,7:00 PM,Ottawa Senators,2.0,Los Angeles Kings,5.0,,16808.0,2:24,
2024-11-30,8:00 PM,Nashville Predators,2.0,Minnesota Wild,3.0,OT,19064.0,2:22,
2024-11-30,7:00 PM,Washington Capitals,6.0,New Jersey Devils,5.0,,16514.0,2:40,
2024-11-30,7:30 PM,Buffalo Sabres,0.0,New York Islanders,3.0,,16299.0,2:32,
2024-11-30,1:00 PM,Montreal Canadiens,3.0,New York Rangers,4.0,,18006.0,2:47,
2024-11-30,7:00 PM,Calgary Flames,2.0,Pittsburgh Penguins,6.0,,16060.0,2:30,
2024-11-30,10:00 PM,San Jose Sharks,4.0,Seattle Kraken,2.0,,17151.0,2:30,
2024-11-30,7:00 PM,Philadelphia Flyers,3.0,St. Louis Blues,2.0,OT,16863.0,2:25,
2024-11-30,7:00 PM,Toronto Maple Leafs,5.0,Tampa Bay Lightning,3.0,,19092.0,2:35,
2024-11-30,10:00 PM,Utah Hockey Club,6.0,Vegas Golden Knights,0.0,,17666.0,2:22,
2024-12-01,8:00 PM,Ottawa Senators,3.0,Anaheim Ducks,4.0,SO,15144.0,2:39,
2024-12-01,3:00 PM,Montreal Canadiens,3.0,Boston Bruins,6.0,,17850.0,2:33,
2024-12-01,3:00 PM,Columbus Blue Jackets,6.0,Chicago Blackhawks,3.0,,17393.0,2:30,
2024-12-01,4:30 PM,Winnipeg Jets,1.0,Dallas Stars,3.0,,18532.0,2:27,
2024-12-01,12:30 PM,Vancouver Canucks,5.0,Detroit Red Wings,4.0,OT,19515.0,2:42,
2024-12-02,7:00 PM,New Jersey Devils,5.0,New York Rangers,1.0,,18006.0,2:32,
2024-12-02,7:30 PM,Chicago Blackhawks,1.0,Toronto Maple Leafs,4.0,,18557.0,2:16,
2024-12-02,9:00 PM,Dallas Stars,2.0,Utah Hockey Club,1.0,,11131.0,2:25,
2024-12-03,7:00 PM,Detroit Red Wings,2.0,Boston Bruins,3.0,OT,17950.0,2:44,
2024-12-03,7:00 PM,Colorado Avalanche,5.0,Buffalo Sabres,4.0,,14942.0,2:27,
2024-12-03,7:00 PM,Seattle Kraken,4.0,Carolina Hurricanes,2.0,,18700.0,2:26,
2024-12-03,9:00 PM,Columbus Blue Jackets,0.0,Calgary Flames,3.0,,17386.0,2:27,
2024-12-03,8:00 PM,Vancouver Canucks,2.0,Minnesota Wild,3.0,OT,18076.0,2:30,
2024-12-03,7:00 PM,New York Islanders,1.0,Montreal Canadiens,2.0,OT,21105.0,2:25,
2024-12-03,7:00 PM,Florida Panthers,4.0,Pittsburgh Penguins,5.0,OT,15502.0,2:36,
2024-12-03,10:00 PM,Edmonton Oilers,0.0,Vegas Golden Knights,1.0,,17887.0,2:24,
2024-12-03,8:00 PM,St. Louis Blues,4.0,Winnipeg Jets,1.0,,13100.0,2:23,
2024-12-03,7:00 PM,San Jose Sharks,2.0,Washington Capitals,1.0,OT,17859.0,2:27,
2024-12-04,10:00 PM,Vegas Golden Knights,4.0,Anaheim Ducks,1.0,,13188.0,2:23,
2024-12-04,7:30 PM,Boston Bruins,4.0,Chicago Blackhawks,2.0,,19179.0,2:22,
2024-12-04,10:00 PM,Dallas Stars,2.0,Los Angeles Kings,3.0,,15010.0,2:22,
2024-12-04,7:30 PM,Nashville Predators,2.0,Toronto Maple Leafs,3.0,,18611.0,2:26,
2024-12-05,7:00 PM,Winnipeg Jets,3.0,Buffalo Sabres,2.0,OT,14497.0,2:49,
2024-12-05,7:00 PM,Colorado Avalanche,3.0,Carolina Hurricanes,5.0,,18700.0,2:28,
2024-12-05,9:00 PM,St. Louis Blues,4.0,Calgary Flames,3.0,OT,17060.0,2:44,
2024-12-05,9:00 PM,Columbus Blue Jackets,3.0,Edmonton Oilers,6.0,,18347.0,2:27,
2024-12-05,7:00 PM,Nashville Predators,0.0,Montreal Canadiens,3.0,,21105.0,2:29,
2024-12-05,7:30 PM,Seattle Kraken,5.0,New York Islanders,2.0,,14877.0,2:24,
2024-12-05,7:00 PM,Detroit Red Wings,1.0,Ottawa Senators,2.0,,16739.0,2:37,
2024-12-05,7:00 PM,Florida Panthers,7.0,Philadelphia Flyers,5.0,,18206.0,2:40,
2024-12-05,7:00 PM,San Jose Sharks,1.0,Tampa Bay Lightning,8.0,,19092.0,2:28,
2024-12-06,10:00 PM,Minnesota Wild,5.0,Anaheim Ducks,1.0,,15171.0,2:28,
2024-12-06,7:00 PM,Seattle Kraken,2.0,New Jersey Devils,3.0,,15582.0,2:19,
2024-12-06,7:30 PM,Pittsburgh Penguins,2.0,New York Rangers,4.0,,18006.0,2:29,
2024-12-06,7:00 PM,Washington Capitals,3.0,Toronto Maple Leafs,1.0,,18723.0,2:28,
2024-12-06,10:00 PM,Columbus Blue Jackets,2.0,Vancouver Canucks,5.0,,18529.0,2:34,
2024-12-06,10:00 PM,Dallas Stars,2.0,Vegas Golden Knights,3.0,,17961.0,2:35,
2024-12-07,1:00 PM,Philadelphia Flyers,3.0,Boston Bruins,4.0,OT,17850.0,2:38,
2024-12-07,1:00 PM,Utah Hockey Club,5.0,Buffalo Sabres,2.0,,15071.0,2:30,
2024-12-07,4:00 PM,Winnipeg Jets,4.0,Chicago Blackhawks,2.0,,18581.0,2:18,
2024-12-07,7:00 PM,Colorado Avalanche,2.0,Detroit Red Wings,1.0,,19515.0,2:29,
2024-12-07,10:00 PM,St. Louis Blues,2.0,Edmonton Oilers,4.0,,18347.0,2:28,
2024-12-07,6:00 PM,San Jose Sharks,1.0,Florida Panthers,3.0,,18646.0,2:34,
2024-12-07,8:00 PM,Minnesota Wild,1.0,Los Angeles Kings,4.0,,18145.0,2:24,
2024-12-07,7:00 PM,Washington Capitals,4.0,Montreal Canadiens,2.0,,21105.0,2:29,
2024-12-07,5:00 PM,Carolina Hurricanes,3.0,New York Islanders,4.0,,15619.0,2:28,
2024-12-07,7:00 PM,Nashville Predators,1.0,Ottawa Senators,3.0,,16741.0,2:37,
2024-12-07,7:00 PM,Toronto Maple Leafs,2.0,Pittsburgh Penguins,5.0,,17290.0,2:24,
2024-12-08,8:00 PM,Calgary Flames,2.0,Dallas Stars,6.0,,18532.0,2:35,
2024-12-08,7:00 PM,Colorado Avalanche,4.0,New Jersey Devils,0.0,,15044.0,2:24,
2024-12-08,1:00 PM,Seattle Kraken,7.0,New York Rangers,5.0,,18006.0,2:34,
2024-12-08,5:00 PM,New York Islanders,4.0,Ottawa Senators,2.0,,15878.0,2:23,
2024-12-08,7:30 PM,Utah Hockey Club,4.0,Philadelphia Flyers,2.0,,17462.0,2:32,
2024-12-08,4:00 PM,Tampa Bay Lightning,4.0,Vancouver Canucks,2.0,,18290.0,2:20,
2024-12-08,6:00 PM,Columbus Blue Jackets,4.0,Winnipeg Jets,1.0,,13887.0,2:21,
2024-12-09,7:00 PM,Detroit Red Wings,6.0,Buffalo Sabres,5.0,SO,14559.0,2:42,
2024-12-09,7:30 PM,Anaheim Ducks,2.0,Montreal Canadiens,3.0,SO,21105.0,2:39,
2024-12-09,7:00 PM,Chicago Blackhawks,2.0,New York Rangers,1.0,,18006.0,2:14,
2024-12-10,7:00 PM,San Jose Sharks,2.0,Carolina Hurricanes,3.0,,18700.0,2:26,
2024-12-10,7:00 PM,Philadelphia Flyers,5.0,Columbus Blue Jackets,3.0,,15467.0,2:19,
2024-12-10,9:00 PM,Tampa Bay Lightning,1.0,Edmonton Oilers,2.0,,18347.0,2:32,
2024-12-10,7:00 PM,Toronto Maple Leafs,2.0,New Jersey Devils,1.0,OT,16091.0,2:30,
2024-12-10,8:00 PM,Calgary Flames,4.0,Nashville Predators,3.0,,17159.0,2:24,
2024-12-10,7:30 PM,Los Angeles Kings,3.0,New York Islanders,1.0,,15402.0,2:15,
2024-12-10,7:00 PM,Colorado Avalanche,6.0,Pittsburgh Penguins,2.0,,15632.0,2:33,
2024-12-10,10:00 PM,Florida Panthers,2.0,Seattle Kraken,1.0,SO,17151.0,2:38,
2024-12-10,9:30 PM,Minnesota Wild,5.0,Utah Hockey Club,4.0,SO,11131.0,2:46,
2024-12-10,10:00 PM,St. Louis Blues,4.0,Vancouver Canucks,3.0,OT,18754.0,2:35,
2024-12-10,8:00 PM,Boston Bruins,1.0,Winnipeg Jets,8.0,,12921.0,2:37,
2024-12-11,7:00 PM,New York Rangers,3.0,Buffalo Sabres,2.0,,15815.0,2:35,
2024-12-11,7:30 PM,Anaheim Ducks,1.0,Ottawa Senators,5.0,,16893.0,2:31,
2024-12-12,7:00 PM,Washington Capitals,2.0,Columbus Blue Jackets,1.0,OT,15962.0,2:33,
2024-12-12,9:00 PM,Tampa Bay Lightning,8.0,Calgary Flames,3.0,,17028.0,2:30,
2024-12-12,9:00 PM,Utah Hockey Club,4.0,Colorado Avalanche,1.0,,18031.0,2:24,
2024-12-12,8:00 PM,Nashville Predators,4.0,Dallas Stars,1.0,,18532.0,2:29,
2024-12-12,8:30 PM,Edmonton Oilers,7.0,Minnesota Wild,1.0,,18394.0,2:23,
2024-12-12,7:00 PM,Pittsburgh Penguins,9.0,Montreal Canadiens,2.0,,21105.0,2:23,
2024-12-12,7:00 PM,Los Angeles Kings,1.0,New Jersey Devils,3.0,,15051.0,2:21,
2024-12-12,7:30 PM,Chicago Blackhawks,4.0,New York Islanders,5.0,,16170.0,2:26,
2024-12-12,7:00 PM,Detroit Red Wings,1.0,Philadelphia Flyers,4.0,,18377.0,2:20,
2024-12-12,10:00 PM,Boston Bruins,1.0,Seattle Kraken,5.0,,17151.0,2:24,
2024-12-12,8:00 PM,San Jose Sharks,4.0,St. Louis Blues,3.0,,18096.0,2:18,
2024-12-12,7:00 PM,Anaheim Ducks,2.0,Toronto Maple Leafs,3.0,,18688.0,2:23,
2024-12-12,10:00 PM,Florida Panthers,0.0,Vancouver Canucks,4.0,,18614.0,2:25,
2024-12-12,8:00 PM,Vegas Golden Knights,3.0,Winnipeg Jets,2.0,OT,13320.0,2:28,
2024-12-13,7:00 PM,Ottawa Senators,3.0,Carolina Hurricanes,0.0,,18700.0,2:31,
2024-12-14,7:00 PM,Anaheim Ducks,4.0,Columbus Blue Jackets,3.0,OT,17663.0,2:30,
2024-12-14,10:00 PM,Florida Panthers,0.0,Calgary Flames,3.0,,18018.0,2:25,
2024-12-14,9:00 PM,Nashville Predators,2.0,Colorado Avalanche,5.0,,18049.0,2:36,
2024-12-14,8:00 PM,St. Louis Blues,1.0,Dallas Stars,2.0,OT,18532.0,2:39,
2024-12-14,7:00 PM,Toronto Maple Leafs,2.0,Detroit Red Wings,4.0,,19515.0,2:23,
2024-12-14,4:00 PM,Vegas Golden Knights,3.0,Edmonton Oilers,6.0,,18347.0,2:35,
2024-12-14,2:00 PM,Philadelphia Flyers,1.0,Minnesota Wild,4.0,,18076.0,2:27,
2024-12-14,1:00 PM,Chicago Blackhawks,1.0,New Jersey Devils,4.0,,16514.0,2:17,
2024-12-14,1:00 PM,Los Angeles Kings,5.0,New York Rangers,1.0,,18006.0,2:25,
2024-12-14,7:00 PM,Pittsburgh Penguins,2.0,Ottawa Senators,3.0,OT,18892.0,2:25,
2024-12-14,10:00 PM,Tampa Bay Lightning,5.0,Seattle Kraken,1.0,,17151.0,2:26,
2024-12-14,10:00 PM,Utah Hockey Club,4.0,San Jose Sharks,3.0,,17213.0,2:33,
2024-12-14,10:00 PM,Boston Bruins,5.0,Vancouver Canucks,1.0,,18787.0,2:31,
2024-12-14,7:00 PM,Montreal Canadiens,2.0,Winnipeg Jets,4.0,,15225.0,2:28,
2024-12-14,7:00 PM,Buffalo Sabres,2.0,Washington Capitals,4.0,,18573.0,2:32,
2024-12-15,5:00 PM,Columbus Blue Jackets,1.0,Carolina Hurricanes,4.0,,18700.0,2:36,
2024-12-15,3:00 PM,New York Islanders,3.0,Chicago Blackhawks,5.0,,19264.0,2:26,
2024-12-15,6:00 PM,Vegas Golden Knights,3.0,Minnesota Wild,2.0,,18771.0,2:34,
2024-12-15,6:00 PM,New York Rangers,2.0,St. Louis Blues,3.0,,17569.0,2:33,
2024-12-15,5:00 PM,Buffalo Sabres,3.0,Toronto Maple Leafs,5.0,,18588.0,2:34,
2024-12-16,8:00 PM,Washington Capitals,1.0,Dallas Stars,3.0,,18532.0,2:37,
2024-12-16,8:30 PM,Florida Panthers,6.0,Edmonton Oilers,5.0,,18347.0,2:39,
2024-12-16,10:30 PM,Colorado Avalanche,1.0,Vancouver Canucks,3.0,,18856.0,2:24,
2024-12-17,7:30 PM,New York Islanders,0.0,Carolina Hurricanes,4.0,,18700.0,2:25,
2024-12-17,9:00 PM,Boston Bruins,4.0,Calgary Flames,3.0,OT,17536.0,2:28,
2024-12-17,8:30 PM,Washington Capitals,2.0,Chicago Blackhawks,3.0,,18511.0,2:22,
2024-12-17,7:00 PM,Buffalo Sabres,1.0,Montreal Canadiens,6.0,,21105.0,2:30,
2024-12-17,8:00 PM,New York Rangers,0.0,Nashville Predators,2.0,,17159.0,2:29,
2024-12-17,7:00 PM,Los Angeles Kings,2.0,Pittsburgh Penguins,3.0,OT,15011.0,2:28,
2024-12-17,10:00 PM,Ottawa Senators,3.0,Seattle Kraken,0.0,,17151.0,2:23,
2024-12-17,10:30 PM,Winnipeg Jets,4.0,San Jose Sharks,3.0,,10958.0,2:24,
2024-12-17,8:00 PM,New Jersey Devils,4.0,St. Louis Blues,1.0,,18096.0,2:37,
2024-12-17,7:00 PM,Columbus Blue Jackets,3.0,Tampa Bay Lightning,5.0,,19092.0,2:34,
2024-12-18,10:00 PM,Winnipeg Jets,2.0,Anaheim Ducks,3.0,,16260.0,2:30,
2024-12-18,7:30 PM,Toronto Maple Leafs,5.0,Dallas Stars,3.0,,18532.0,2:30,
2024-12-18,7:00 PM,Philadelphia Flyers,4.0,Detroit Red Wings,6.0,,19515.0,2:22,
2024-12-18,9:30 PM,Florida Panthers,6.0,Minnesota Wild,1.0,,17423.0,2:39,
2024-12-18,10:00 PM,Vancouver Canucks,2.0,Utah Hockey Club,3.0,OT,11131.0,2:31,
2024-12-19,7:00 PM,New Jersey Devils,2.0,Columbus Blue Jackets,4.0,,15793.0,2:28,
2024-12-19,9:00 PM,Ottawa Senators,3.0,Calgary Flames,2.0,OT,17271.0,2:35,
2024-12-19,8:30 PM,Seattle Kraken,1.0,Chicago Blackhawks,3.0,,18991.0,2:27,
2024-12-19,9:00 PM,Boston Bruins,2.0,Edmonton Oilers,3.0,OT,18347.0,2:28,
2024-12-19,8:00 PM,Pittsburgh Penguins,5.0,Nashville Predators,4.0,OT,17159.0,2:30,
2024-12-19,7:30 PM,Los Angeles Kings,7.0,Philadelphia Flyers,3.0,,18551.0,2:30,
2024-12-19,10:30 PM,Colorado Avalanche,4.0,San Jose Sharks,2.0,,12517.0,2:37,
2024-12-19,7:00 PM,St. Louis Blues,1.0,Tampa Bay Lightning,3.0,,19092.0,2:28,
2024-12-19,10:00 PM,Vancouver Canucks,1.0,Vegas Golden Knights,3.0,,17779.0,2:15,
2024-12-20,10:00 PM,Colorado Avalanche,4.0,Anaheim Ducks,2.0,,16226.0,2:31,
2024-12-20,7:00 PM,Toronto Maple Leafs,6.0,Buffalo Sabres,3.0,,18267.0,2:28,
2024-12-20,8:00 PM,New York Rangers,3.0,Dallas Stars,1.0,,18532.0,2:35,
2024-12-20,7:00 PM,Montreal Canadiens,4.0,Detroit Red Wings,3.0,,19515.0,2:31,
2024-12-20,7:00 PM,St. Louis Blues,1.0,Florida Panthers,2.0,OT,18522.0,2:32,
2024-12-20,8:00 PM,Utah Hockey Club,2.0,Minnesota Wild,1.0,,18088.0,2:24,
2024-12-20,7:00 PM,Carolina Hurricanes,1.0,Washington Capitals,3.0,,18573.0,2:35,
2024-12-21,7:00 PM,Buffalo Sabres,1.0,Boston Bruins,3.0,,17850.0,2:25,
2024-12-21,4:00 PM,Chicago Blackhawks,4.0,Calgary Flames,6.0,,18760.0,2:35,
2024-12-21,4:00 PM,San Jose Sharks,2.0,Edmonton Oilers,3.0,OT,18347.0,2:23,
2024-12-21,7:00 PM,Detroit Red Wings,1.0,Montreal Canadiens,5.0,,21105.0,2:23,
2024-12-21,7:00 PM,Pittsburgh Penguins,0.0,New Jersey Devils,3.0,,16514.0,2:23,
2024-12-21,1:30 PM,Los Angeles Kings,2.0,Nashville Predators,3.0,OT,17159.0,2:23,
2024-12-21,7:00 PM,Columbus Blue Jackets,4.0,Philadelphia Flyers,5.0,OT,18644.0,2:36,
2024-12-21,7:00 PM,New York Islanders,6.0,Toronto Maple Leafs,3.0,,18912.0,2:21,
2024-12-21,10:00 PM,Ottawa Senators,5.0,Vancouver Canucks,4.0,OT,18940.0,2:30,
2024-12-21,10:00 PM,Seattle Kraken,2.0,Vegas Golden Knights,6.0,,17862.0,2:34,
2024-12-21,7:00 PM,Minnesota Wild,0.0,Winnipeg Jets,5.0,,15225.0,2:19,
2024-12-22,8:00 PM,Seattle Kraken,2.0,Colorado Avalanche,5.0,,18089.0,2:25,
2024-12-22,8:00 PM,Ottawa Senators,1.0,Edmonton Oilers,3.0,,18347.0,2:22,
2024-12-22,12:30 PM,Carolina Hurricanes,3.0,New York Rangers,1.0,,18006.0,2:26,
2024-12-22,5:00 PM,Florida Panthers,4.0,Tampa Bay Lightning,2.0,,19092.0,2:29,
2024-12-22,5:00 PM,Anaheim Ducks,5.0,Utah Hockey Club,4.0,SO,11131.0,2:45,
2024-12-22,5:00 PM,Los Angeles Kings,1.0,Washington Capitals,3.0,,18573.0,2:24,
2024-12-23,7:00 PM,Washington Capitals,1.0,Boston Bruins,4.0,,17850.0,2:32,
2024-12-23,7:00 PM,Montreal Canadiens,4.0,Columbus Blue Jackets,5.0,,17875.0,2:37,
2024-12-23,7:00 PM,St. Louis Blues,4.0,Detroit Red Wings,0.0,,19515.0,2:18,
2024-12-23,7:00 PM,Tampa Bay Lightning,4.0,Florida Panthers,0.0,,19544.0,2:42,
2024-12-23,8:00 PM,Chicago Blackhawks,3.0,Minnesota Wild,4.0,,19067.0,2:20,
2024-12-23,1:00 PM,New York Rangers,0.0,New Jersey Devils,5.0,,16514.0,2:23,
2024-12-23,8:00 PM,Carolina Hurricanes,2.0,Nashville Predators,5.0,,17159.0,2:28,
2024-12-23,7:30 PM,Buffalo Sabres,7.0,New York Islanders,1.0,,17255.0,2:30,
2024-12-23,7:00 PM,Philadelphia Flyers,3.0,Pittsburgh Penguins,7.0,,18290.0,2:20,
2024-12-23,2:00 PM,Winnipeg Jets,5.0,Toronto Maple Leafs,2.0,,18923.0,2:28,
2024-12-23,9:00 PM,Dallas Stars,3.0,Utah Hockey Club,2.0,,11131.0,2:27,
2024-12-23,9:00 PM,San Jose Sharks,3.0,Vancouver Canucks,4.0,,18791.0,2:41,
2024-12-23,10:00 PM,Anaheim Ducks,1.0,Vegas Golden Knights,3.0,,18009.0,2:31,
2024-12-27,7:00 PM,Chicago Blackhawks,2.0,Buffalo Sabres,6.0,,19070.0,2:21,
2024-12-27,7:00 PM,Boston Bruins,2.0,Columbus Blue Jackets,6.0,,18821.0,2:24,
2024-12-27,8:00 PM,Minnesota Wild,3.0,Dallas Stars,2.0,OT,18532.0,2:25,
2024-12-27,7:00 PM,Toronto Maple Leafs,5.0,Detroit Red Wings,2.0,,19515.0,2:20,
2024-12-27,7:00 PM,Carolina Hurricanes,2.0,New Jersey Devils,4.0,,16629.0,2:22,
2024-12-27,10:30 PM,Vegas Golden Knights,6.0,San Jose Sharks,3.0,,17435.0,2:30,
2024-12-27,8:00 PM,Nashville Predators,4.0,St. Louis Blues,7.0,,18096.0,2:39,
2024-12-27,9:30 PM,Colorado Avalanche,4.0,Utah Hockey Club,1.0,,11131.0,2:33,
2024-12-28,4:00 PM,Philadelphia Flyers,3.0,Anaheim Ducks,1.0,,16472.0,2:24,
2024-12-28,7:00 PM,Columbus Blue Jackets,0.0,Boston Bruins,4.0,,17850.0,2:22,
2024-12-28,7:00 PM,New Jersey Devils,2.0,Carolina Hurricanes,5.0,,18825.0,2:36,
2024-12-28,1:00 PM,Montreal Canadiens,4.0,Florida Panthers,0.0,,19483.0,2:23,
2024-12-28,4:00 PM,Edmonton Oilers,3.0,Los Angeles Kings,4.0,OT,18145.0,2:31,
2024-12-28,7:30 PM,Pittsburgh Penguins,3.0,New York Islanders,6.0,,17255.0,2:33,
2024-12-28,10:00 PM,Calgary Flames,3.0,San Jose Sharks,1.0,,17435.0,2:25,
2024-12-28,7:00 PM,New York Rangers,2.0,Tampa Bay Lightning,6.0,,19092.0,2:41,
2024-12-28,7:00 PM,Washington Capitals,5.0,Toronto Maple Leafs,2.0,,19125.0,2:22,
2024-12-28,4:00 PM,Seattle Kraken,5.0,Vancouver Canucks,4.0,OT,18905.0,2:27,
2024-12-28,7:00 PM,Ottawa Senators,2.0,Winnipeg Jets,4.0,,14734.0,2:21,
2024-12-29,4:00 PM,Edmonton Oilers,3.0,Anaheim Ducks,5.0,,16010.0,2:20,
2024-12-29,8:30 PM,Dallas Stars,5.0,Chicago Blackhawks,1.0,,20627.0,2:26,
2024-12-29,5:00 PM,Washington Capitals,2.0,Detroit Red Wings,4.0,,19515.0,2:30,
2024-12-29,9:00 PM,Philadelphia Flyers,4.0,Los Angeles Kings,5.0,,18145.0,2:25,
2024-12-29,8:00 PM,Ottawa Senators,3.0,Minnesota Wild,1.0,,18989.0,2:31,
2024-12-29,5:30 PM,New York Islanders,2.0,Pittsburgh Penguins,3.0,,18357.0,2:33,
2024-12-29,3:00 PM,Buffalo Sabres,4.0,St. Louis Blues,2.0,,18096.0,2:28,
2024-12-29,5:00 PM,Montreal Canadiens,5.0,Tampa Bay Lightning,2.0,,19092.0,2:32,
2024-12-29,8:00 PM,Calgary Flames,0.0,Vegas Golden Knights,3.0,,18269.0,2:32,
2024-12-30,7:00 PM,New York Rangers,3.0,Florida Panthers,5.0,,19556.0,2:30,
2024-12-30,8:00 PM,Utah Hockey Club,2.0,Seattle Kraken,5.0,,17151.0,2:36,
2024-12-30,7:30 PM,Nashville Predators,0.0,Winnipeg Jets,3.0,,15225.0,2:26,
2024-12-31,8:00 PM,New Jersey Devils,2.0,Anaheim Ducks,3.0,,17174.0,2:34,
2024-12-31,8:00 PM,Carolina Hurricanes,3.0,Columbus Blue Jackets,4.0,SO,17712.0,2:47,
2024-12-31,9:00 PM,Vancouver Canucks,1.0,Calgary Flames,3.0,,19289.0,2:38,
2024-12-31,5:00 PM,St. Louis Blues,6.0,Chicago Blackhawks,2.0,,40933.0,2:39,"at Wrigley Field (Chicago, IL)"
2024-12-31,8:00 PM,Winnipeg Jets,2.0,Colorado Avalanche,5.0,,18094.0,2:18,
2024-12-31,8:00 PM,Buffalo Sabres,2.0,Dallas Stars,4.0,,18532.0,2:22,
2024-12-31,8:00 PM,Pittsburgh Penguins,2.0,Detroit Red Wings,4.0,,19515.0,2:22,
2024-12-31,9:00 PM,Utah Hockey Club,1.0,Edmonton Oilers,4.0,,18347.0,2:20,
2024-12-31,8:00 PM,Nashville Predators,3.0,Minnesota Wild,5.0,,19145.0,2:38,
2024-12-31,8:00 PM,Philadelphia Flyers,4.0,San Jose Sharks,0.0,,14816.0,2:25,
2024-12-31,1:00 PM,New York Islanders,1.0,Toronto Maple Leafs,3.0,,18933.0,2:29,
2024-12-31,3:00 PM,Montreal Canadiens,3.0,Vegas Golden Knights,2.0,,17925.0,2:23,
2024-12-31,12:30 PM,Boston Bruins,1.0,Washington Capitals,3.0,,18573.0,2:38,
2025-01-01,6:00 PM,New Jersey Devils,0.0,Los Angeles Kings,3.0,,18145.0,2:29,
2025-01-02,7:00 PM,Detroit Red Wings,5.0,Columbus Blue Jackets,4.0,,18370.0,2:22,
2025-01-02,9:00 PM,Utah Hockey Club,5.0,Calgary Flames,3.0,,17160.0,2:28,
2025-01-02,9:00 PM,Buffalo Sabres,5.0,Colorado Avalanche,6.0,OT,18081.0,2:46,
2025-01-02,8:00 PM,Ottawa Senators,2.0,Dallas Stars,4.0,,18532.0,2:31,
2025-01-02,7:00 PM,Carolina Hurricanes,3.0,Florida Panthers,1.0,,19434.0,2:43,
2025-01-02,7:30 PM,Toronto Maple Leafs,2.0,New York Islanders,1.0,,17255.0,2:27,
2025-01-02,7:00 PM,Boston Bruins,1.0,New York Rangers,2.0,,18006.0,2:33,
2025-01-02,10:00 PM,Vancouver Canucks,4.0,Seattle Kraken,3.0,SO,17151.0,2:40,
2025-01-02,10:30 PM,Tampa Bay Lightning,1.0,San Jose Sharks,2.0,,11103.0,2:18,
2025-01-02,10:00 PM,Philadelphia Flyers,2.0,Vegas Golden Knights,5.0,,17909.0,2:23,
2025-01-02,8:00 PM,Anaheim Ducks,4.0,Winnipeg Jets,3.0,OT,15225.0,2:25,
2025-01-02,7:00 PM,Minnesota Wild,4.0,Washington Capitals,3.0,SO,18573.0,2:37,
2025-01-03,8:00 PM,Montreal Canadiens,2.0,Chicago Blackhawks,4.0,,19620.0,2:25,
2025-01-03,9:00 PM,Anaheim Ducks,2.0,Edmonton Oilers,3.0,,18347.0,2:23,
2025-01-03,7:00 PM,Pittsburgh Penguins,2.0,Florida Panthers,3.0,SO,19543.0,2:42,
2025-01-03,8:00 PM,Ottawa Senators,0.0,St. Louis Blues,4.0,,18096.0,2:26,
2025-01-03,10:00 PM,Nashville Predators,3.0,Vancouver Canucks,0.0,,18894.0,2:24,
2025-01-04,7:00 PM,Minnesota Wild,4.0,Carolina Hurricanes,0.0,,18903.0,2:32,
2025-01-04,7:00 PM,St. Louis Blues,4.0,Columbus Blue Jackets,6.0,,18535.0,2:29,
2025-01-04,10:00 PM,Nashville Predators,4.0,Calgary Flames,1.0,,17893.0,2:34,
2025-01-04,7:00 PM,Montreal Canadiens,2.0,Colorado Avalanche,1.0,SO,18087.0,2:38,
2025-01-04,8:00 PM,Utah Hockey Club,2.0,Dallas Stars,3.0,OT,18532.0,2:25,
2025-01-04,9:00 PM,Tampa Bay Lightning,1.0,Los Angeles Kings,2.0,,18145.0,2:31,
2025-01-04,10:00 PM,Edmonton Oilers,4.0,Seattle Kraken,2.0,,17151.0,2:26,
2025-01-04,4:00 PM,New Jersey Devils,2.0,San Jose Sharks,3.0,,17435.0,2:30,
2025-01-04,7:00 PM,Boston Bruins,4.0,Toronto Maple Leafs,6.0,,18996.0,2:31,
2025-01-04,10:00 PM,Buffalo Sabres,1.0,Vegas Golden Knights,3.0,,18111.0,2:24,
2025-01-04,7:00 PM,Detroit Red Wings,4.0,Winnipeg Jets,2.0,,14527.0,2:17,
2025-01-04,12:00 PM,New York Rangers,4.0,Washington Capitals,7.0,,18573.0,2:45,
2025-01-05,8:00 PM,Tampa Bay Lightning,1.0,Anaheim Ducks,4.0,,14208.0,2:25,
2025-01-05,6:00 PM,New York Islanders,5.0,Boston Bruins,4.0,OT,17850.0,2:35,
2025-01-05,6:00 PM,Pittsburgh Penguins,3.0,Carolina Hurricanes,4.0,OT,18891.0,2:33,
2025-01-05,3:00 PM,New York Rangers,6.0,Chicago Blackhawks,2.0,,18819.0,2:31,
2025-01-05,7:00 PM,Philadelphia Flyers,2.0,Toronto Maple Leafs,3.0,OT,18554.0,2:32,
2025-01-06,7:00 PM,Washington Capitals,3.0,Buffalo Sabres,4.0,SO,15548.0,2:47,
2025-01-06,9:00 PM,Florida Panthers,1.0,Colorado Avalanche,3.0,,18024.0,2:30,
2025-01-06,7:30 PM,Vancouver Canucks,4.0,Montreal Canadiens,5.0,OT,21105.0,2:26,
2025-01-06,10:00 PM,New Jersey Devils,3.0,Seattle Kraken,2.0,,17151.0,2:30,
2025-01-07,10:00 PM,Calgary Flames,3.0,Anaheim Ducks,2.0,OT,17396.0,2:31,
2025-01-07,7:00 PM,Edmonton Oilers,4.0,Boston Bruins,0.0,,17850.0,2:19,
2025-01-07,7:00 PM,Ottawa Senators,2.0,Detroit Red Wings,3.0,OT,19515.0,2:33,
2025-01-07,8:00 PM,St. Louis Blues,4.0,Minnesota Wild,6.0,,18464.0,2:24,
2025-01-07,7:00 PM,Dallas Stars,5.0,New York Rangers,4.0,OT,17528.0,2:30,
2025-01-07,7:30 PM,Toronto Maple Leafs,3.0,Philadelphia Flyers,2.0,,18058.0,2:32,
2025-01-07,7:00 PM,Columbus Blue Jackets,4.0,Pittsburgh Penguins,3.0,SO,16060.0,2:34,
2025-01-07,10:30 PM,Vegas Golden Knights,4.0,San Jose Sharks,2.0,,10802.0,2:20,
2025-01-07,7:00 PM,Carolina Hurricanes,2.0,Tampa Bay Lightning,3.0,,19092.0,2:41,
2025-01-07,8:00 PM,Nashville Predators,2.0,Winnipeg Jets,5.0,,13105.0,2:27,
2025-01-08,7:30 PM,Colorado Avalanche,1.0,Chicago Blackhawks,3.0,,17667.0,2:26,
2025-01-08,10:00 PM,Florida Panthers,4.0,Utah Hockey Club,1.0,,11131.0,2:30,
2025-01-08,7:30 PM,Vancouver Canucks,1.0,Washington Capitals,2.0,OT,17941.0,2:39,
2025-01-09,7:30 PM,Toronto Maple Leafs,3.0,Carolina Hurricanes,6.0,,18750.0,2:26,
2025-01-09,7:00 PM,Seattle Kraken,2.0,Columbus Blue Jackets,6.0,,15497.0,2:21,
2025-01-09,8:00 PM,Colorado Avalanche,6.0,Minnesota Wild,1.0,,18979.0,2:25,
2025-01-09,7:00 PM,New Jersey Devils,2.0,New York Rangers,3.0,OT,18006.0,2:29,
2025-01-09,7:00 PM,Buffalo Sabres,4.0,Ottawa Senators,0.0,,16276.0,2:29,
2025-01-09,7:00 PM,Dallas Stars,4.0,Philadelphia Flyers,1.0,,17941.0,2:23,
2025-01-09,7:00 PM,Edmonton Oilers,3.0,Pittsburgh Penguins,5.0,,17004.0,2:29,
2025-01-09,8:00 PM,Anaheim Ducks,2.0,St. Louis Blues,6.0,,17176.0,2:23,
2025-01-09,7:00 PM,Boston Bruins,1.0,Tampa Bay Lightning,4.0,,19092.0,2:44,
2025-01-09,10:00 PM,New York Islanders,4.0,Vegas Golden Knights,0.0,,17713.0,2:20,
2025-01-10,7:00 PM,Vancouver Canucks,0.0,Carolina Hurricanes,2.0,,18700.0,2:29,
2025-01-10,7:00 PM,Chicago Blackhawks,3.0,Detroit Red Wings,5.0,,19515.0,2:20,
2025-01-10,9:00 PM,San Jose Sharks,1.0,Utah Hockey Club,2.0,,11131.0,2:28,
2025-01-10,8:00 PM,Los Angeles Kings,2.0,Winnipeg Jets,1.0,OT,14218.0,2:30,
2025-01-10,7:00 PM,Montreal Canadiens,3.0,Washington Capitals,2.0,OT,18573.0,2:30,
2025-01-11,4:00 PM,Seattle Kraken,6.0,Buffalo Sabres,2.0,,16759.0,2:32,
2025-01-11,10:00 PM,Los Angeles Kings,1.0,Calgary Flames,2.0,,18446.0,2:27,
2025-01-11,7:00 PM,Edmonton Oilers,4.0,Chicago Blackhawks,3.0,,19387.0,2:24,
2025-01-11,1:00 PM,Boston Bruins,4.0,Florida Panthers,3.0,OT,19687.0,2:51,
2025-01-11,7:00 PM,Dallas Stars,2.0,Montreal Canadiens,1.0,SO,21105.0,2:45,
2025-01-11,7:00 PM,Tampa Bay Lightning,2.0,New Jersey Devils,3.0,OT,16514.0,2:30,
2025-01-11,8:00 PM,Washington Capitals,4.0,Nashville Predators,1.0,,17159.0,2:28,
2025-01-11,7:00 PM,Anaheim Ducks,0.0,Philadelphia Flyers,6.0,,19154.0,2:40,
2025-01-11,4:00 PM,Ottawa Senators,5.0,Pittsburgh Penguins,0.0,,18043.0,2:29,
2025-01-11,10:00 PM,Minnesota Wild,3.0,San Jose Sharks,1.0,,17435.0,2:22,
2025-01-11,7:00 PM,Columbus Blue Jackets,2.0,St. Louis Blues,1.0,,17591.0,2:21,
2025-01-11,7:00 PM,Vancouver Canucks,3.0,Toronto Maple Leafs,0.0,,19104.0,2:18,
2025-01-11,9:00 PM,New York Islanders,2.0,Utah Hockey Club,1.0,,11131.0,2:28,
2025-01-11,10:00 PM,New York Rangers,2.0,Vegas Golden Knights,1.0,,18144.0,2:31,
2025-01-11,7:00 PM,Colorado Avalanche,0.0,Winnipeg Jets,3.0,,14782.0,2:16,
2025-01-12,5:00 PM,Anaheim Ducks,3.0,Carolina Hurricanes,2.0,OT,18897.0,2:39,
2025-01-12,3:00 PM,Seattle Kraken,2.0,Detroit Red Wings,6.0,,19515.0,2:30,
2025-01-12,5:00 PM,Dallas Stars,2.0,Ottawa Senators,3.0,,17653.0,2:31,
2025-01-12,5:00 PM,Tampa Bay Lightning,5.0,Pittsburgh Penguins,2.0,,17352.0,2:21,
2025-01-12,8:00 PM,Minnesota Wild,1.0,Vegas Golden Knights,4.0,,17921.0,2:25,
2025-01-13,7:30 PM,Calgary Flames,5.0,Chicago Blackhawks,2.0,,15966.0,2:26,
2025-01-13,9:30 PM,Los Angeles Kings,0.0,Edmonton Oilers,1.0,,18347.0,2:33,
2025-01-13,7:00 PM,Florida Panthers,3.0,Philadelphia Flyers,4.0,,19293.0,2:32,
2025-01-14,7:00 PM,Tampa Bay Lightning,2.0,Boston Bruins,6.0,,17850.0,2:53,
2025-01-14,7:00 PM,Philadelphia Flyers,2.0,Columbus Blue Jackets,3.0,SO,15018.0,2:34,
2025-01-14,9:00 PM,New York Rangers,2.0,Colorado Avalanche,3.0,OT,18037.0,2:35,
2025-01-14,7:00 PM,San Jose Sharks,6.0,Detroit Red Wings,3.0,,19515.0,2:22,
2025-01-14,7:30 PM,Florida Panthers,2.0,New Jersey Devils,1.0,SO,16514.0,2:43,
2025-01-14,8:00 PM,Vegas Golden Knights,3.0,Nashville Predators,5.0,,17159.0,2:27,
2025-01-14,7:30 PM,Ottawa Senators,2.0,New York Islanders,0.0,,15101.0,2:33,
2025-01-14,7:00 PM,Seattle Kraken,4.0,Pittsburgh Penguins,2.0,,16314.0,2:23,
2025-01-14,8:00 PM,Calgary Flames,1.0,St. Louis Blues,2.0,,16992.0,2:21,
2025-01-14,7:00 PM,Dallas Stars,4.0,Toronto Maple Leafs,1.0,,18535.0,2:22,
2025-01-14,9:00 PM,Montreal Canadiens,5.0,Utah Hockey Club,3.0,,11131.0,2:36,
2025-01-14,8:00 PM,Vancouver Canucks,1.0,Winnipeg Jets,6.0,,14050.0,2:21,
2025-01-14,7:00 PM,Anaheim Ducks,0.0,Washington Capitals,3.0,,18573.0,2:16,
2025-01-15,6:00 PM,Carolina Hurricanes,2.0,Buffalo Sabres,4.0,,13449.0,2:21,
2025-01-15,8:30 PM,Edmonton Oilers,5.0,Minnesota Wild,3.0,,18212.0,2:30,
2025-01-16,7:00 PM,San Jose Sharks,1.0,Columbus Blue Jackets,4.0,,15943.0,2:20,
2025-01-16,9:30 PM,Edmonton Oilers,4.0,Colorado Avalanche,3.0,,18054.0,2:20,
2025-01-16,8:00 PM,Montreal Canadiens,3.0,Dallas Stars,1.0,,18532.0,2:30,
2025-01-16,7:00 PM,Detroit Red Wings,5.0,Florida Panthers,2.0,,19486.0,2:26,
2025-01-16,8:00 PM,Chicago Blackhawks,2.0,Nashville Predators,3.0,SO,17159.0,2:45,
2025-01-16,7:30 PM,Philadelphia Flyers,5.0,New York Islanders,3.0,,15761.0,2:32,
2025-01-16,7:00 PM,Washington Capitals,1.0,Ottawa Senators,0.0,OT,17242.0,2:23,
2025-01-16,8:00 PM,Calgary Flames,1.0,St. Louis Blues,4.0,,17456.0,2:32,
2025-01-16,7:00 PM,Anaheim Ducks,3.0,Tampa Bay Lightning,4.0,SO,19092.0,2:42,
2025-01-16,7:00 PM,New Jersey Devils,3.0,Toronto Maple Leafs,4.0,OT,18577.0,2:35,
2025-01-16,9:00 PM,New York Rangers,5.0,Utah Hockey Club,3.0,,11131.0,2:38,
2025-01-16,10:00 PM,Los Angeles Kings,5.0,Vancouver Canucks,1.0,,18913.0,2:31,
2025-01-16,8:00 PM,Seattle Kraken,1.0,Winnipeg Jets,2.0,,13959.0,2:22,
2025-01-17,7:00 PM,Pittsburgh Penguins,5.0,Buffalo Sabres,2.0,,19070.0,2:28,
2025-01-17,7:00 PM,Vegas Golden Knights,2.0,Carolina Hurricanes,3.0,,18825.0,2:33,
2025-01-18,8:00 PM,Vegas Golden Knights,3.0,Chicago Blackhawks,5.0,,19340.0,2:33,
2025-01-18,4:00 PM,Dallas Stars,3.0,Colorado Avalanche,6.0,,18055.0,2:35,
2025-01-18,6:00 PM,Anaheim Ducks,0.0,Florida Panthers,3.0,,19395.0,2:25,
2025-01-18,7:00 PM,Toronto Maple Leafs,7.0,Montreal Canadiens,3.0,,21105.0,2:39,
2025-01-18,12:30 PM,Philadelphia Flyers,3.0,New Jersey Devils,1.0,,16514.0,2:19,
2025-01-18,8:00 PM,Minnesota Wild,2.0,Nashville Predators,6.0,,17615.0,2:39,
2025-01-18,7:30 PM,San Jose Sharks,1.0,New York Islanders,4.0,,17255.0,2:21,
2025-01-18,7:00 PM,Columbus Blue Jackets,0.0,New York Rangers,1.0,SO,18006.0,2:28,
2025-01-18,3:00 PM,Boston Bruins,5.0,Ottawa Senators,6.0,SO,18768.0,2:56,
2025-01-18,10:00 PM,Los Angeles Kings,2.0,Seattle Kraken,4.0,,17151.0,2:24,
2025-01-18,7:00 PM,Detroit Red Wings,1.0,Tampa Bay Lightning,5.0,,19092.0,2:34,
2025-01-18,9:00 PM,St. Louis Blues,2.0,Utah Hockey Club,4.0,,11131.0,2:29,
2025-01-18,10:00 PM,Edmonton Oilers,2.0,Vancouver Canucks,3.0,,18965.0,2:30,
2025-01-18,7:00 PM,Calgary Flames,3.0,Winnipeg Jets,1.0,,15225.0,2:20,
2025-01-18,7:00 PM,Pittsburgh Penguins,1.0,Washington Capitals,4.0,,18573.0,2:28,
2025-01-19,8:00 PM,Detroit Red Wings,1.0,Dallas Stars,4.0,,18532.0,2:28,
2025-01-19,7:00 PM,New York Rangers,4.0,Montreal Canadiens,5.0,OT,21105.0,2:42,
2025-01-19,1:00 PM,Ottawa Senators,2.0,New Jersey Devils,1.0,,16514.0,2:18,
2025-01-20,1:00 PM,San Jose Sharks,3.0,Boston Bruins,6.0,,17850.0,2:30,
2025-01-20,8:30 PM,Carolina Hurricanes,4.0,Chicago Blackhawks,3.0,OT,15831.0,2:33,
2025-01-20,3:00 PM,Minnesota Wild,3.0,Colorado Avalanche,1.0,,18072.0,2:33,
2025-01-20,10:30 PM,Pittsburgh Penguins,5.0,Los Angeles Kings,1.0,,18145.0,2:27,
2025-01-20,7:30 PM,Columbus Blue Jackets,1.0,New York Islanders,3.0,,14551.0,2:22,
2025-01-20,4:00 PM,Buffalo Sabres,4.0,Seattle Kraken,6.0,,17151.0,2:23,
2025-01-20,7:30 PM,Tampa Bay Lightning,3.0,Toronto Maple Leafs,5.0,,19123.0,2:33,
2025-01-20,9:30 PM,Winnipeg Jets,2.0,Utah Hockey Club,5.0,,11131.0,2:29,
2025-01-20,6:00 PM,St. Louis Blues,5.0,Vegas Golden Knights,4.0,SO,17879.0,2:48,
2025-01-21,10:00 PM,Florida Panthers,5.0,Anaheim Ducks,2.0,,14694.0,2:26,
2025-01-21,8:00 PM,Carolina Hurricanes,2.0,Dallas Stars,1.0,,18532.0,2:23,
2025-01-21,9:00 PM,Washington Capitals,3.0,Edmonton Oilers,2.0,,18347.0,2:22,
2025-01-21,7:00 PM,Tampa Bay Lightning,2.0,Montreal Canadiens,3.0,,21105.0,2:30,
2025-01-21,8:00 PM,San Jose Sharks,5.0,Nashville Predators,7.0,,17159.0,2:34,
2025-01-21,7:00 PM,Ottawa Senators,0.0,New York Rangers,5.0,,17662.0,2:32,
2025-01-21,7:00 PM,Detroit Red Wings,1.0,Philadelphia Flyers,2.0,OT,17635.0,2:23,
2025-01-21,10:00 PM,Buffalo Sabres,3.0,Vancouver Canucks,2.0,,19064.0,2:23,
2025-01-22,9:30 PM,Winnipeg Jets,3.0,Colorado Avalanche,2.0,OT,18125.0,2:28,
2025-01-22,10:00 PM,Florida Panthers,1.0,Los Angeles Kings,2.0,,15090.0,2:26,
2025-01-22,7:00 PM,Boston Bruins,1.0,New Jersey Devils,5.0,,16025.0,2:26,
2025-01-22,7:30 PM,Columbus Blue Jackets,5.0,Toronto Maple Leafs,1.0,,18459.0,2:25,
2025-01-23,10:00 PM,Pittsburgh Penguins,1.0,Anaheim Ducks,5.0,,15330.0,2:30,
2025-01-23,7:00 PM,Ottawa Senators,0.0,Boston Bruins,2.0,,17850.0,2:27,
2025-01-23,7:00 PM,Columbus Blue Jackets,4.0,Carolina Hurricanes,7.0,,18700.0,2:29,
2025-01-23,9:00 PM,Buffalo Sabres,2.0,Calgary Flames,5.0,,17585.0,2:36,
2025-01-23,7:00 PM,Montreal Canadiens,2.0,Detroit Red Wings,4.0,,18825.0,2:30,
2025-01-23,9:00 PM,Vancouver Canucks,2.0,Edmonton Oilers,6.0,,18347.0,2:33,
2025-01-23,8:00 PM,Utah Hockey Club,4.0,Minnesota Wild,0.0,,18071.0,2:22,
2025-01-23,7:00 PM,Philadelphia Flyers,1.0,New York Rangers,6.0,,18006.0,2:31,
2025-01-23,10:00 PM,Washington Capitals,3.0,Seattle Kraken,0.0,,17151.0,2:28,
2025-01-23,10:30 PM,Nashville Predators,6.0,San Jose Sharks,5.0,,11292.0,2:44,
2025-01-23,8:00 PM,Vegas Golden Knights,4.0,St. Louis Blues,2.0,,17430.0,2:31,
2025-01-24,8:00 PM,Tampa Bay Lightning,4.0,Chicago Blackhawks,3.0,OT,18975.0,2:20,
2025-01-24,7:30 PM,Vegas Golden Knights,3.0,Dallas Stars,4.0,,18532.0,2:26,
2025-01-24,7:30 PM,Philadelphia Flyers,1.0,New York Islanders,3.0,,17255.0,2:26,
2025-01-24,8:00 PM,Utah Hockey Club,2.0,Winnipeg Jets,5.0,,13878.0,2:28,
2025-01-25,10:00 PM,Nashville Predators,2.0,Anaheim Ducks,5.0,,15748.0,2:31,
2025-01-25,1:00 PM,Colorado Avalanche,1.0,Boston Bruins,3.0,,17850.0,2:25,
2025-01-25,7:00 PM,Los Angeles Kings,2.0,Columbus Blue Jackets,3.0,OT,18919.0,2:32,
2025-01-25,7:00 PM,Tampa Bay Lightning,0.0,Detroit Red Wings,2.0,,19515.0,2:29,
2025-01-25,4:00 PM,Buffalo Sabres,2.0,Edmonton Oilers,3.0,,18347.0,2:30,
2025-01-25,7:00 PM,Calgary Flames,5.0,Minnesota Wild,4.0,,19212.0,2:34,
2025-01-25,7:00 PM,New Jersey Devils,4.0,Montreal Canadiens,3.0,OT,21105.0,2:47,
2025-01-25,7:30 PM,Carolina Hurricanes,2.0,New York Islanders,3.0,OT,17255.0,2:37,
2025-01-25,7:00 PM,Toronto Maple Leafs,1.0,Ottawa Senators,2.0,,18818.0,2:28,
2025-01-25,4:00 PM,Pittsburgh Penguins,1.0,Seattle Kraken,4.0,,17151.0,2:18,
2025-01-25,10:00 PM,Florida Panthers,7.0,San Jose Sharks,2.0,,17435.0,2:28,
2025-01-25,7:00 PM,Dallas Stars,2.0,St. Louis Blues,0.0,,17755.0,2:27,
2025-01-25,10:00 PM,Washington Capitals,1.0,Vancouver Canucks,2.0,,18876.0,2:24,
2025-01-26,7:00 PM,Minnesota Wild,4.0,Chicago Blackhawks,2.0,,18701.0,2:31,
2025-01-26,1:00 PM,Colorado Avalanche,5.0,New York Rangers,4.0,,18006.0,2:26,
2025-01-26,5:00 PM,Utah Hockey Club,1.0,Ottawa Senators,3.0,,16897.0,2:25,
2025-01-26,8:00 PM,Florida Panthers,1.0,Vegas Golden Knights,4.0,,17716.0,2:34,
2025-01-26,6:00 PM,Calgary Flames,2.0,Winnipeg Jets,5.0,,14491.0,2:30,
2025-01-27,7:00 PM,Los Angeles Kings,2.0,Detroit Red Wings,5.0,,17450.0,2:22,
2025-01-27,9:30 PM,Seattle Kraken,2.0,Edmonton Oilers,4.0,,18347.0,2:22,
2025-01-27,7:00 PM,New Jersey Devils,2.0,Philadelphia Flyers,4.0,,19380.0,2:22,
2025-01-27,10:30 PM,Pittsburgh Penguins,1.0,San Jose Sharks,2.0,,11625.0,2:33,
2025-01-27,7:30 PM,Vancouver Canucks,5.0,St. Louis Blues,2.0,,17445.0,2:30,
2025-01-28,7:00 PM,Boston Bruins,2.0,Buffalo Sabres,7.0,,15607.0,2:26,
2025-01-28,9:00 PM,Washington Capitals,3.0,Calgary Flames,1.0,,17455.0,2:31,
2025-01-28,7:00 PM,Winnipeg Jets,4.0,Montreal Canadiens,1.0,,21105.0,2:28,
2025-01-28,7:30 PM,Colorado Avalanche,2.0,New York Islanders,5.0,,15735.0,2:27,
2025-01-28,7:00 PM,Carolina Hurricanes,4.0,New York Rangers,0.0,,17629.0,2:25,
2025-01-28,10:00 PM,Anaheim Ducks,6.0,Seattle Kraken,4.0,,17151.0,2:28,
2025-01-28,7:00 PM,Chicago Blackhawks,4.0,Tampa Bay Lightning,1.0,,19092.0,2:34,
2025-01-28,10:00 PM,Dallas Stars,4.0,Vegas Golden Knights,3.0,OT,17811.0,2:39,
2025-01-29,7:00 PM,Los Angeles Kings,0.0,Florida Panthers,3.0,,19515.0,2:30,
2025-01-29,7:00 PM,Philadelphia Flyers,0.0,New Jersey Devils,5.0,,16026.0,2:34,
2025-01-29,9:00 PM,Vancouver Canucks,3.0,Nashville Predators,1.0,,17159.0,2:22,
2025-01-29,7:00 PM,Minnesota Wild,3.0,Toronto Maple Leafs,1.0,,18544.0,2:22,
2025-01-29,9:30 PM,Pittsburgh Penguins,3.0,Utah Hockey Club,2.0,OT,11131.0,2:38,
2025-01-30,7:00 PM,Winnipeg Jets,6.0,Boston Bruins,2.0,,17850.0,2:34,
2025-01-30,7:00 PM,Chicago Blackhawks,2.0,Carolina Hurricanes,3.0,,18896.0,2:22,
2025-01-30,9:00 PM,Anaheim Ducks,1.0,Calgary Flames,4.0,,17123.0,2:31,
2025-01-30,9:00 PM,Detroit Red Wings,3.0,Edmonton Oilers,2.0,SO,18347.0,2:46,
2025-01-30,7:00 PM,Minnesota Wild,4.0,Montreal Canadiens,0.0,,21105.0,2:16,
2025-01-30,7:00 PM,Washington Capitals,4.0,Ottawa Senators,5.0,OT,18792.0,2:35,
2025-01-30,7:30 PM,New York Islanders,3.0,Philadelphia Flyers,0.0,,18703.0,2:36,
2025-01-30,10:30 PM,San Jose Sharks,2.0,Seattle Kraken,6.0,,17151.0,2:27,
2025-01-30,7:00 PM,Los Angeles Kings,0.0,Tampa Bay Lightning,3.0,,19092.0,2:32,
2025-01-30,10:00 PM,Columbus Blue Jackets,2.0,Vegas Golden Knights,1.0,OT,17783.0,2:20,
2025-01-31,7:00 PM,Nashville Predators,3.0,Buffalo Sabres,4.0,,18347.0,2:26,
2025-01-31,9:00 PM,St. Louis Blues,0.0,Colorado Avalanche,5.0,,18073.0,2:25,
2025-01-31,8:00 PM,Vancouver Canucks,3.0,Dallas Stars,5.0,,18532.0,2:22,
2025-01-31,9:00 PM,Columbus Blue Jackets,3.0,Utah Hockey Club,2.0,OT,11131.0,2:29,
2025-02-01,3:30 PM,New York Rangers,3.0,Boston Bruins,6.0,,17850.0,2:31,
2025-02-01,7:00 PM,Los Angeles Kings,4.0,Carolina Hurricanes,2.0,,18977.0,2:31,
2025-02-01,10:00 PM,Detroit Red Wings,3.0,Calgary Flames,1.0,,17707.0,2:29,
2025-02-01,7:00 PM,Toronto Maple Leafs,4.0,Edmonton Oilers,3.0,,18347.0,2:28,
2025-02-01,1:00 PM,Chicago Blackhawks,1.0,Florida Panthers,5.0,,19457.0,2:35,
2025-02-01,7:00 PM,Minnesota Wild,0.0,Ottawa Senators,6.0,,18822.0,2:35,
2025-02-01,7:00 PM,Nashville Predators,0.0,Pittsburgh Penguins,3.0,,18272.0,2:20,
2025-02-01,7:00 PM,New York Islanders,3.0,Tampa Bay Lightning,2.0,OT,19092.0,2:35,
2025-02-01,7:00 PM,Winnipeg Jets,5.0,Washington Capitals,4.0,OT,18573.0,2:23,
2025-02-02,4:00 PM,Montreal Canadiens,2.0,Anaheim Ducks,3.0,,17174.0,2:28,
2025-02-02,1:00 PM,New Jersey Devils,3.0,Buffalo Sabres,4.0,,15710.0,2:24,
2025-02-02,3:00 PM,Philadelphia Flyers,0.0,Colorado Avalanche,2.0,,18076.0,2:23,
2025-02-02,6:00 PM,Columbus Blue Jackets,3.0,Dallas Stars,5.0,,18532.0,2:35,
2025-02-02,6:00 PM,New York Islanders,3.0,Florida Panthers,6.0,,19721.0,2:27,
2025-02-02,6:00 PM,Vegas Golden Knights,2.0,New York Rangers,4.0,,18006.0,2:36,
2025-02-02,9:00 PM,Calgary Flames,3.0,Seattle Kraken,2.0,,17151.0,2:45,
2025-02-02,7:00 PM,St. Louis Blues,2.0,Utah Hockey Club,1.0,,11131.0,2:29,
2025-02-02,8:00 PM,Detroit Red Wings,3.0,Vancouver Canucks,2.0,OT,18872.0,2:33,
2025-02-03,7:30 PM,Ottawa Senators,,Nashville Predators,,,,,
2025-02-04,10:30 PM,Dallas Stars,,Anaheim Ducks,,,,,
2025-02-04,7:00 PM,Minnesota Wild,,Boston Bruins,,,,,
2025-02-04,7:00 PM,Columbus Blue Jackets,,Buffalo Sabres,,,,,
2025-02-04,9:00 PM,Toronto Maple Leafs,,Calgary Flames,,,,,
2025-02-04,7:30 PM,Vegas Golden Knights,,New York Islanders,,,,,
2025-02-04,7:00 PM,New Jersey Devils,,Pittsburgh Penguins,,,,,
2025-02-04,10:00 PM,Detroit Red Wings,,Seattle Kraken,,,,,
2025-02-04,10:30 PM,Montreal Canadiens,,San Jose Sharks,,,,,
2025-02-04,8:00 PM,Edmonton Oilers,,St. Louis Blues,,,,,
2025-02-04,7:00 PM,Ottawa Senators,,Tampa Bay Lightning,,,,,
2025-02-04,9:00 PM,Philadelphia Flyers,,Utah Hockey Club,,,,,
2025-02-04,10:00 PM,Colorado Avalanche,,Vancouver Canucks,,,,,
2025-02-04,8:00 PM,Carolina Hurricanes,,Winnipeg Jets,,,,,
2025-02-04,7:00 PM,Florida Panthers,,Washington Capitals,,,,,
2025-02-05,9:30 PM,Edmonton Oilers,,Chicago Blackhawks,,,,,
2025-02-05,10:30 PM,Montreal Canadiens,,Los Angeles Kings,,,,,
2025-02-05,7:00 PM,Boston Bruins,,New York Rangers,,,,,
2025-02-06,7:00 PM,Utah Hockey Club,,Columbus Blue Jackets,,,,,
2025-02-06,9:00 PM,Colorado Avalanche,,Calgary Flames,,,,,
2025-02-06,7:30 PM,Carolina Hurricanes,,Minnesota Wild,,,,,
2025-02-06,7:00 PM,Vegas Golden Knights,,New Jersey Devils,,,,,
2025-02-06,7:00 PM,Washington Capitals,,Philadelphia Flyers,,,,,
2025-02-06,10:00 PM,Toronto Maple Leafs,,Seattle Kraken,,,,,
2025-02-06,10:30 PM,Vancouver Canucks,,San Jose Sharks,,,,,
2025-02-06,8:00 PM,Florida Panthers,,St. Louis Blues,,,,,
2025-02-06,7:00 PM,Ottawa Senators,,Tampa Bay Lightning,,,,,
2025-02-07,8:30 PM,Nashville Predators,,Chicago Blackhawks,,,,,
2025-02-07,9:00 PM,Colorado Avalanche,,Edmonton Oilers,,,,,
2025-02-07,10:30 PM,Dallas Stars,,Los Angeles Kings,,,,,
2025-02-07,7:00 PM,Pittsburgh Penguins,,New York Rangers,,,,,
2025-02-07,8:00 PM,New York Islanders,,Winnipeg Jets,,,,,
2025-02-08,3:30 PM,Vegas Golden Knights,,Boston Bruins,,,,,
2025-02-08,1:00 PM,Utah Hockey Club,,Carolina Hurricanes,,,,,
2025-02-08,7:00 PM,New York Rangers,,Columbus Blue Jackets,,,,,
2025-02-08,10:00 PM,Seattle Kraken,,Calgary Flames,,,,,
2025-02-08,1:00 PM,Tampa Bay Lightning,,Detroit Red Wings,,,,,
2025-02-08,7:00 PM,Ottawa Senators,,Florida Panthers,,,,,
2025-02-08,10:30 PM,Anaheim Ducks,,Los Angeles Kings,,,,,
2025-02-08,8:00 PM,New York Islanders,,Minnesota Wild,,,,,
2025-02-08,1:00 PM,New Jersey Devils,,Montreal Canadiens,,,,,
2025-02-08,8:00 PM,Buffalo Sabres,,Nashville Predators,,,,,
2025-02-08,7:00 PM,Pittsburgh Penguins,,Philadelphia Flyers,,,,,
2025-02-08,10:00 PM,Dallas Stars,,San Jose Sharks,,,,,
2025-02-08,7:00 PM,Chicago Blackhawks,,St. Louis Blues,,,,,
2025-02-08,7:00 PM,Toronto Maple Leafs,,Vancouver Canucks,,,,,
2025-02-09,1:00 PM,Tampa Bay Lightning,,Montreal Canadiens,,,,,
2025-02-09,12:30 PM,Utah Hockey Club,,Washington Capitals,,,,,
2025-02-20,8:00 PM,,,,,,,,
2025-02-22,7:00 PM,Anaheim Ducks,,Boston Bruins,,,,,
2025-02-22,5:30 PM,New York Rangers,,Buffalo Sabres,,,,,
2025-02-22,7:00 PM,Chicago Blackhawks,,Columbus Blue Jackets,,,,,
2025-02-22,12:30 PM,Minnesota Wild,,Detroit Red Wings,,,,,
2025-02-22,6:00 PM,Seattle Kraken,,Florida Panthers,,,,,
2025-02-22,9:00 PM,Utah Hockey Club,,Los Angeles Kings,,,,,
2025-02-22,6:00 PM,Dallas Stars,,New Jersey Devils,,,,,
2025-02-22,6:00 PM,Colorado Avalanche,,Nashville Predators,,,,,
2025-02-22,7:00 PM,Montreal Canadiens,,Ottawa Senators,,,,,
2025-02-22,1:00 PM,Edmonton Oilers,,Philadelphia Flyers,,,,,
2025-02-22,3:00 PM,Washington Capitals,,Pittsburgh Penguins,,,,,
2025-02-22,7:00 PM,Winnipeg Jets,,St. Louis Blues,,,,,
2025-02-22,7:00 PM,Carolina Hurricanes,,Toronto Maple Leafs,,,,,
2025-02-22,10:00 PM,Vancouver Canucks,,Vegas Golden Knights,,,,,
2025-02-23,8:00 PM,San Jose Sharks,,Calgary Flames,,,,,
2025-02-23,7:00 PM,Toronto Maple Leafs,,Chicago Blackhawks,,,,,
2025-02-23,6:00 PM,Anaheim Ducks,,Detroit Red Wings,,,,,
2025-02-23,6:00 PM,New Jersey Devils,,Nashville Predators,,,,,
2025-02-23,7:30 PM,Dallas Stars,,New York Islanders,,,,,
2025-02-23,3:30 PM,New York Rangers,,Pittsburgh Penguins,,,,,
2025-02-23,6:00 PM,Colorado Avalanche,,St. Louis Blues,,,,,
2025-02-23,6:00 PM,Seattle Kraken,,Tampa Bay Lightning,,,,,
2025-02-23,8:00 PM,Vancouver Canucks,,Utah Hockey Club,,,,,
2025-02-23,1:00 PM,Edmonton Oilers,,Washington Capitals,,,,,
2025-02-24,10:30 PM,Vegas Golden Knights,,Los Angeles Kings,,,,,
2025-02-24,7:30 PM,San Jose Sharks,,Winnipeg Jets,,,,,
2025-02-25,7:00 PM,Toronto Maple Leafs,,Boston Bruins,,,,,
2025-02-25,7:00 PM,Anaheim Ducks,,Buffalo Sabres,,,,,
2025-02-25,7:00 PM,Dallas Stars,,Columbus Blue Jackets,,,,,
2025-02-25,8:00 PM,Detroit Red Wings,,Minnesota Wild,,,,,
2025-02-25,7:00 PM,Carolina Hurricanes,,Montreal Canadiens,,,,,
2025-02-25,8:00 PM,Florida Panthers,,Nashville Predators,,,,,
2025-02-25,7:30 PM,New York Rangers,,New York Islanders,,,,,
2025-02-25,7:00 PM,Pittsburgh Penguins,,Philadelphia Flyers,,,,,
2025-02-25,8:00 PM,Seattle Kraken,,St. Louis Blues,,,,,
2025-02-25,7:30 PM,Edmonton Oilers,,Tampa Bay Lightning,,,,,
2025-02-25,9:00 PM,Chicago Blackhawks,,Utah Hockey Club,,,,,
2025-02-25,7:00 PM,Calgary Flames,,Washington Capitals,,,,,
2025-02-26,9:30 PM,New Jersey Devils,,Colorado Avalanche,,,,,
2025-02-26,10:00 PM,Vancouver Canucks,,Los Angeles Kings,,,,,
2025-02-26,7:00 PM,Winnipeg Jets,,Ottawa Senators,,,,,
2025-02-27,10:00 PM,Vancouver Canucks,,Anaheim Ducks,,,,,
2025-02-27,7:00 PM,New York Islanders,,Boston Bruins,,,,,
2025-02-27,7:00 PM,Buffalo Sabres,,Carolina Hurricanes,,,,,
2025-02-27,7:00 PM,Columbus Blue Jackets,,Detroit Red Wings,,,,,
2025-02-27,7:30 PM,Edmonton Oilers,,Florida Panthers,,,,,
2025-02-27,7:00 PM,San Jose Sharks,,Montreal Canadiens,,,,,
2025-02-27,8:00 PM,Winnipeg Jets,,Nashville Predators,,,,,
2025-02-27,7:00 PM,Philadelphia Flyers,,Pittsburgh Penguins,,,,,
2025-02-27,7:00 PM,Calgary Flames,,Tampa Bay Lightning,,,,,
2025-02-27,9:00 PM,Minnesota Wild,,Utah Hockey Club,,,,,
2025-02-27,10:00 PM,Chicago Blackhawks,,Vegas Golden Knights,,,,,
2025-02-27,7:00 PM,St. Louis Blues,,Washington Capitals,,,,,
2025-02-28,9:00 PM,Minnesota Wild,,Colorado Avalanche,,,,,
2025-02-28,8:00 PM,Los Angeles Kings,,Dallas Stars,,,,,
2025-02-28,7:00 PM,Toronto Maple Leafs,,New York Rangers,,,,,
2025-03-01,10:00 PM,Chicago Blackhawks,,Anaheim Ducks,,,,,
2025-03-01,7:00 PM,Montreal Canadiens,,Buffalo Sabres,,,,,
2025-03-01,7:00 PM,Edmonton Oilers,,Carolina Hurricanes,,,,,
2025-03-01,6:00 PM,Detroit Red Wings,,Columbus Blue Jackets,,,,,"at Ohio Stadium (Columbus, OH)"
2025-03-01,3:00 PM,Calgary Flames,,Florida Panthers,,,,,
2025-03-01,12:30 PM,Nashville Predators,,New York Islanders,,,,,
2025-03-01,7:00 PM,San Jose Sharks,,Ottawa Senators,,,,,
2025-03-01,3:00 PM,Boston Bruins,,Pittsburgh Penguins,,,,,
2025-03-01,10:00 PM,Vancouver Canucks,,Seattle Kraken,,,,,
2025-03-01,8:00 PM,Los Angeles Kings,,St. Louis Blues,,,,,
2025-03-01,9:00 PM,New Jersey Devils,,Utah Hockey Club,,,,,
2025-03-01,7:00 PM,Philadelphia Flyers,,Winnipeg Jets,,,,,
2025-03-01,12:30 PM,Tampa Bay Lightning,,Washington Capitals,,,,,
2025-03-02,5:00 PM,Calgary Flames,,Carolina Hurricanes,,,,,
2025-03-02,6:00 PM,St. Louis Blues,,Dallas Stars,,,,,
2025-03-02,3:30 PM,Boston Bruins,,Minnesota Wild,,,,,
2025-03-02,7:00 PM,Nashville Predators,,New York Rangers,,,,,
2025-03-02,1:00 PM,Toronto Maple Leafs,,Pittsburgh Penguins,,,,,
2025-03-02,8:00 PM,New Jersey Devils,,Vegas Golden Knights,,,,,
2025-03-03,8:30 PM,Los Angeles Kings,,Chicago Blackhawks,,,,,
2025-03-03,7:00 PM,Tampa Bay Lightning,,Florida Panthers,,,,,
2025-03-03,7:00 PM,Buffalo Sabres,,Montreal Canadiens,,,,,
2025-03-03,7:00 PM,New York Islanders,,New York Rangers,,,,,
2025-03-03,7:30 PM,San Jose Sharks,,Toronto Maple Leafs,,,,,
2025-03-03,6:30 PM,Ottawa Senators,,Washington Capitals,,,,,
2025-03-04,7:00 PM,Nashville Predators,,Boston Bruins,,,,,
2025-03-04,7:00 PM,San Jose Sharks,,Buffalo Sabres,,,,,
2025-03-04,9:00 PM,Pittsburgh Penguins,,Colorado Avalanche,,,,,
2025-03-04,8:00 PM,New Jersey Devils,,Dallas Stars,,,,,
2025-03-04,7:00 PM,Carolina Hurricanes,,Detroit Red Wings,,,,,
2025-03-04,9:00 PM,Anaheim Ducks,,Edmonton Oilers,,,,,
2025-03-04,7:30 PM,Winnipeg Jets,,New York Islanders,,,,,
2025-03-04,7:00 PM,Calgary Flames,,Philadelphia Flyers,,,,,
2025-03-04,10:00 PM,Minnesota Wild,,Seattle Kraken,,,,,
2025-03-04,7:00 PM,Columbus Blue Jackets,,Tampa Bay Lightning,,,,,
2025-03-05,7:30 PM,Ottawa Senators,,Chicago Blackhawks,,,,,
2025-03-05,10:30 PM,St. Louis Blues,,Los Angeles Kings,,,,,
2025-03-05,7:30 PM,Washington Capitals,,New York Rangers,,,,,
2025-03-05,10:30 PM,Anaheim Ducks,,Vancouver Canucks,,,,,
2025-03-05,10:00 PM,Toronto Maple Leafs,,Vegas Golden Knights,,,,,
2025-03-06,7:00 PM,Boston Bruins,,Carolina Hurricanes,,,,,
2025-03-06,9:00 PM,San Jose Sharks,,Colorado Avalanche,,,,,
2025-03-06,8:00 PM,Calgary Flames,,Dallas Stars,,,,,
2025-03-06,7:00 PM,Utah Hockey Club,,Detroit Red Wings,,,,,
2025-03-06,9:00 PM,Montreal Canadiens,,Edmonton Oilers,,,,,
2025-03-06,7:00 PM,Columbus Blue Jackets,,Florida Panthers,,,,,
2025-03-06,9:30 PM,Seattle Kraken,,Nashville Predators,,,,,
2025-03-06,7:00 PM,Winnipeg Jets,,Philadelphia Flyers,,,,,
2025-03-06,7:00 PM,Buffalo Sabres,,Tampa Bay Lightning,,,,,
2025-03-07,10:00 PM,St. Louis Blues,,Anaheim Ducks,,,,,
2025-03-07,8:30 PM,Utah Hockey Club,,Chicago Blackhawks,,,,,
2025-03-07,7:00 PM,Winnipeg Jets,,New Jersey Devils,,,,,
2025-03-07,10:00 PM,Minnesota Wild,,Vancouver Canucks,,,,,
2025-03-07,10:00 PM,Pittsburgh Penguins,,Vegas Golden Knights,,,,,
2025-03-07,7:00 PM,Detroit Red Wings,,Washington Capitals,,,,,
2025-03-08,7:00 PM,Montreal Canadiens,,Calgary Flames,,,,,
2025-03-08,7:00 PM,Toronto Maple Leafs,,Colorado Avalanche,,,,,
2025-03-08,10:00 PM,Dallas Stars,,Edmonton Oilers,,,,,
2025-03-08,6:00 PM,Buffalo Sabres,,Florida Panthers,,,,,
2025-03-08,8:00 PM,St. Louis Blues,,Los Angeles Kings,,,,,
2025-03-08,8:00 PM,Chicago Blackhawks,,Nashville Predators,,,,,
2025-03-08,12:30 PM,New York Rangers,,Ottawa Senators,,,,,
2025-03-08,12:30 PM,Seattle Kraken,,Philadelphia Flyers,,,,,
2025-03-08,10:00 PM,New York Islanders,,San Jose Sharks,,,,,
2025-03-08,3:00 PM,Boston Bruins,,Tampa Bay Lightning,,,,,
2025-03-09,9:00 PM,New York Islanders,,Anaheim Ducks,,,,,
2025-03-09,5:00 PM,Winnipeg Jets,,Carolina Hurricanes,,,,,
2025-03-09,3:30 PM,Pittsburgh Penguins,,Minnesota Wild,,,,,
2025-03-09,6:00 PM,Columbus Blue Jackets,,New York Rangers,,,,,
2025-03-09,1:00 PM,New Jersey Devils,,Philadelphia Flyers,,,,,
2025-03-09,9:00 PM,Dallas Stars,,Vancouver Canucks,,,,,
2025-03-09,8:00 PM,Los Angeles Kings,,Vegas Golden Knights,,,,,
2025-03-09,3:30 PM,Seattle Kraken,,Washington Capitals,,,,,
2025-03-10,6:30 PM,Edmonton Oilers,,Buffalo Sabres,,,,,
2025-03-10,9:00 PM,Chicago Blackhawks,,Colorado Avalanche,,,,,
2025-03-10,7:30 PM,Detroit Red Wings,,Ottawa Senators,,,,,
2025-03-10,10:00 PM,Toronto Maple Leafs,,Utah Hockey Club,,,,,
2025-03-11,10:00 PM,Washington Capitals,,Anaheim Ducks,,,,,
2025-03-11,7:00 PM,Florida Panthers,,Boston Bruins,,,,,
2025-03-11,7:00 PM,Tampa Bay Lightning,,Carolina Hurricanes,,,,,
2025-03-11,10:30 PM,New York Islanders,,Los Angeles Kings,,,,,
2025-03-11,8:00 PM,Colorado Avalanche,,Minnesota Wild,,,,,
2025-03-11,7:00 PM,Columbus Blue Jackets,,New Jersey Devils,,,,,
2025-03-11,7:00 PM,Ottawa Senators,,Philadelphia Flyers,,,,,
2025-03-11,7:00 PM,Vegas Golden Knights,,Pittsburgh Penguins,,,,,
2025-03-11,10:30 PM,Nashville Predators,,San Jose Sharks,,,,,
2025-03-11,10:00 PM,Montreal Canadiens,,Vancouver Canucks,,,,,
2025-03-11,8:00 PM,New York Rangers,,Winnipeg Jets,,,,,
2025-03-12,9:00 PM,Vancouver Canucks,,Calgary Flames,,,,,
2025-03-12,7:30 PM,Buffalo Sabres,,Detroit Red Wings,,,,,
2025-03-12,10:30 PM,Montreal Canadiens,,Seattle Kraken,,,,,
2025-03-12,10:00 PM,Anaheim Ducks,,Utah Hockey Club,,,,,
2025-03-13,7:00 PM,Vegas Golden Knights,,Columbus Blue Jackets,,,,,
2025-03-13,10:30 PM,Washington Capitals,,Los Angeles Kings,,,,,
2025-03-13,8:00 PM,New York Rangers,,Minnesota Wild,,,,,
2025-03-13,7:30 PM,Edmonton Oilers,,New Jersey Devils,,,,,
2025-03-13,7:00 PM,Boston Bruins,,Ottawa Senators,,,,,
2025-03-13,7:00 PM,Tampa Bay Lightning,,Philadelphia Flyers,,,,,
2025-03-13,7:00 PM,St. Louis Blues,,Pittsburgh Penguins,,,,,
2025-03-13,10:30 PM,Chicago Blackhawks,,San Jose Sharks,,,,,
2025-03-13,7:00 PM,Florida Panthers,,Toronto Maple Leafs,,,,,
2025-03-14,10:00 PM,Nashville Predators,,Anaheim Ducks,,,,,
2025-03-14,7:00 PM,Detroit Red Wings,,Carolina Hurricanes,,,,,
2025-03-14,9:00 PM,Colorado Avalanche,,Calgary Flames,,,,,
2025-03-14,7:30 PM,Edmonton Oilers,,New York Islanders,,,,,
2025-03-14,10:00 PM,Utah Hockey Club,,Seattle Kraken,,,,,
2025-03-14,8:00 PM,Dallas Stars,,Winnipeg Jets,,,,,
2025-03-15,7:00 PM,Tampa Bay Lightning,,Boston Bruins,,,,,
2025-03-15,12:30 PM,Vegas Golden Knights,,Buffalo Sabres,,,,,
2025-03-15,7:00 PM,New York Rangers,,Columbus Blue Jackets,,,,,
2025-03-15,8:00 PM,Nashville Predators,,Los Angeles Kings,,,,,
2025-03-15,8:00 PM,St. Louis Blues,,Minnesota Wild,,,,,
2025-03-15,7:00 PM,Florida Panthers,,Montreal Canadiens,,,,,
2025-03-15,7:00 PM,Carolina Hurricanes,,Philadelphia Flyers,,,,,
2025-03-15,3:00 PM,New Jersey Devils,,Pittsburgh Penguins,,,,,
2025-03-15,5:00 PM,Washington Capitals,,San Jose Sharks,,,,,
2025-03-15,7:00 PM,Ottawa Senators,,Toronto Maple Leafs,,,,,
2025-03-15,10:00 PM,Chicago Blackhawks,,Vancouver Canucks,,,,,
2025-03-16,3:30 PM,Dallas Stars,,Colorado Avalanche,,,,,
2025-03-16,1:00 PM,Vegas Golden Knights,,Detroit Red Wings,,,,,
2025-03-16,7:30 PM,Florida Panthers,,New York Islanders,,,,,
2025-03-16,7:00 PM,Edmonton Oilers,,New York Rangers,,,,,
2025-03-16,9:00 PM,Winnipeg Jets,,Seattle Kraken,,,,,
2025-03-16,6:00 PM,Anaheim Ducks,,St. Louis Blues,,,,,
2025-03-16,8:00 PM,Utah Hockey Club,,Vancouver Canucks,,,,,
2025-03-17,7:00 PM,Buffalo Sabres,,Boston Bruins,,,,,
2025-03-17,7:00 PM,New Jersey Devils,,Columbus Blue Jackets,,,,,
2025-03-17,8:00 PM,Los Angeles Kings,,Minnesota Wild,,,,,
2025-03-17,7:00 PM,Philadelphia Flyers,,Tampa Bay Lightning,,,,,
2025-03-17,7:30 PM,Calgary Flames,,Toronto Maple Leafs,,,,,
2025-03-18,8:30 PM,Seattle Kraken,,Chicago Blackhawks,,,,,
2025-03-18,8:00 PM,Anaheim Ducks,,Dallas Stars,,,,,
2025-03-18,9:00 PM,Utah Hockey Club,,Edmonton Oilers,,,,,
2025-03-18,7:00 PM,Ottawa Senators,,Montreal Canadiens,,,,,
2025-03-18,9:00 PM,St. Louis Blues,,Nashville Predators,,,,,
2025-03-18,7:00 PM,Calgary Flames,,New York Rangers,,,,,
2025-03-18,7:00 PM,New York Islanders,,Pittsburgh Penguins,,,,,
2025-03-18,10:00 PM,Winnipeg Jets,,Vancouver Canucks,,,,,
2025-03-18,7:00 PM,Detroit Red Wings,,Washington Capitals,,,,,
2025-03-19,9:30 PM,Seattle Kraken,,Minnesota Wild,,,,,
2025-03-19,7:00 PM,Colorado Avalanche,,Toronto Maple Leafs,,,,,
2025-03-20,7:00 PM,Florida Panthers,,Columbus Blue Jackets,,,,,
2025-03-20,8:30 PM,Los Angeles Kings,,Chicago Blackhawks,,,,,
2025-03-20,8:00 PM,Tampa Bay Lightning,,Dallas Stars,,,,,
2025-03-20,9:00 PM,Winnipeg Jets,,Edmonton Oilers,,,,,
2025-03-20,7:00 PM,Calgary Flames,,New Jersey Devils,,,,,
2025-03-20,8:00 PM,Anaheim Ducks,,Nashville Predators,,,,,
2025-03-20,7:30 PM,Montreal Canadiens,,New York Islanders,,,,,
2025-03-20,7:00 PM,Toronto Maple Leafs,,New York Rangers,,,,,
2025-03-20,7:00 PM,Colorado Avalanche,,Ottawa Senators,,,,,
2025-03-20,10:30 PM,Carolina Hurricanes,,San Jose Sharks,,,,,
2025-03-20,7:30 PM,Vancouver Canucks,,St. Louis Blues,,,,,
2025-03-20,9:00 PM,Buffalo Sabres,,Utah Hockey Club,,,,,
2025-03-20,10:00 PM,Boston Bruins,,Vegas Golden Knights,,,,,
2025-03-20,7:00 PM,Philadelphia Flyers,,Washington Capitals,,,,,
2025-03-21,7:00 PM,Columbus Blue Jackets,,Pittsburgh Penguins,,,,,
2025-03-22,2:00 PM,Philadelphia Flyers,,Dallas Stars,,,,,
2025-03-22,10:00 PM,Seattle Kraken,,Edmonton Oilers,,,,,
2025-03-22,4:00 PM,Carolina Hurricanes,,Los Angeles Kings,,,,,
2025-03-22,2:00 PM,Buffalo Sabres,,Minnesota Wild,,,,,
2025-03-22,7:00 PM,Colorado Avalanche,,Montreal Canadiens,,,,,
2025-03-22,7:00 PM,Ottawa Senators,,New Jersey Devils,,,,,
2025-03-22,7:00 PM,Toronto Maple Leafs,,Nashville Predators,,,,,
2025-03-22,4:00 PM,Calgary Flames,,New York Islanders,,,,,
2025-03-22,1:00 PM,Vancouver Canucks,,New York Rangers,,,,,
2025-03-22,10:30 PM,Boston Bruins,,San Jose Sharks,,,,,
2025-03-22,3:00 PM,Chicago Blackhawks,,St. Louis Blues,,,,,
2025-03-22,5:00 PM,Tampa Bay Lightning,,Utah Hockey Club,,,,,
2025-03-22,8:00 PM,Detroit Red Wings,,Vegas Golden Knights,,,,,
2025-03-22,5:00 PM,Florida Panthers,,Washington Capitals,,,,,
2025-03-23,8:00 PM,Carolina Hurricanes,,Anaheim Ducks,,,,,
2025-03-23,3:00 PM,Philadelphia Flyers,,Chicago Blackhawks,,,,,
2025-03-23,6:00 PM,Pittsburgh Penguins,,Florida Panthers,,,,,
2025-03-23,9:00 PM,Boston Bruins,,Los Angeles Kings,,,,,
2025-03-23,6:00 PM,Nashville Predators,,St. Louis Blues,,,,,
2025-03-23,8:00 PM,Tampa Bay Lightning,,Vegas Golden Knights,,,,,
2025-03-23,3:00 PM,Buffalo Sabres,,Winnipeg Jets,,,,,
2025-03-24,8:00 PM,Minnesota Wild,,Dallas Stars,,,,,
2025-03-24,7:30 PM,Vancouver Canucks,,New Jersey Devils,,,,,
2025-03-24,7:30 PM,Columbus Blue Jackets,,New York Islanders,,,,,
2025-03-24,9:00 PM,Detroit Red Wings,,Utah Hockey Club,,,,,
2025-03-25,7:00 PM,Ottawa Senators,,Buffalo Sabres,,,,,
2025-03-25,7:30 PM,Nashville Predators,,Carolina Hurricanes,,,,,
2025-03-25,9:00 PM,Seattle Kraken,,Calgary Flames,,,,,
2025-03-25,9:00 PM,Detroit Red Wings,,Colorado Avalanche,,,,,
2025-03-25,10:30 PM,New York Rangers,,Los Angeles Kings,,,,,
2025-03-25,8:00 PM,Vegas Golden Knights,,Minnesota Wild,,,,,
2025-03-25,8:00 PM,Montreal Canadiens,,St. Louis Blues,,,,,
2025-03-25,7:00 PM,Pittsburgh Penguins,,Tampa Bay Lightning,,,,,
2025-03-25,7:00 PM,Philadelphia Flyers,,Toronto Maple Leafs,,,,,
2025-03-25,8:00 PM,Washington Capitals,,Winnipeg Jets,,,,,
2025-03-26,10:00 PM,Boston Bruins,,Anaheim Ducks,,,,,
2025-03-26,7:30 PM,New Jersey Devils,,Chicago Blackhawks,,,,,
2025-03-26,10:00 PM,Dallas Stars,,Edmonton Oilers,,,,,
2025-03-26,7:30 PM,Vancouver Canucks,,New York Islanders,,,,,
2025-03-27,7:00 PM,Pittsburgh Penguins,,Buffalo Sabres,,,,,
2025-03-27,9:00 PM,Dallas Stars,,Calgary Flames,,,,,
2025-03-27,10:00 PM,Los Angeles Kings,,Colorado Avalanche,,,,,
2025-03-27,7:00 PM,Ottawa Senators,,Detroit Red Wings,,,,,
2025-03-27,8:00 PM,Washington Capitals,,Minnesota Wild,,,,,
2025-03-27,8:00 PM,St. Louis Blues,,Nashville Predators,,,,,
2025-03-27,7:00 PM,Montreal Canadiens,,Philadelphia Flyers,,,,,
2025-03-27,10:00 PM,Edmonton Oilers,,Seattle Kraken,,,,,
2025-03-27,10:30 PM,Toronto Maple Leafs,,San Jose Sharks,,,,,
2025-03-27,7:00 PM,Utah Hockey Club,,Tampa Bay Lightning,,,,,
2025-03-28,10:00 PM,New York Rangers,,Anaheim Ducks,,,,,
2025-03-28,7:00 PM,Montreal Canadiens,,Carolina Hurricanes,,,,,
2025-03-28,7:00 PM,Vancouver Canucks,,Columbus Blue Jackets,,,,,
2025-03-28,8:30 PM,Vegas Golden Knights,,Chicago Blackhawks,,,,,
2025-03-28,7:00 PM,Utah Hockey Club,,Florida Panthers,,,,,
2025-03-28,8:00 PM,New Jersey Devils,,Winnipeg Jets,,,,,
2025-03-29,4:30 PM,St. Louis Blues,,Colorado Avalanche,,,,,
2025-03-29,8:00 PM,Boston Bruins,,Detroit Red Wings,,,,,
2025-03-29,10:00 PM,Calgary Flames,,Edmonton Oilers,,,,,
2025-03-29,7:00 PM,Toronto Maple Leafs,,Los Angeles Kings,,,,,
2025-03-29,6:00 PM,New Jersey Devils,,Minnesota Wild,,,,,
2025-03-29,6:30 PM,Vegas Golden Knights,,Nashville Predators,,,,,
2025-03-29,7:00 PM,Columbus Blue Jackets,,Ottawa Senators,,,,,
2025-03-29,1:00 PM,Buffalo Sabres,,Philadelphia Flyers,,,,,
2025-03-29,10:30 PM,Dallas Stars,,Seattle Kraken,,,,,
2025-03-29,10:30 PM,New York Rangers,,San Jose Sharks,,,,,
2025-03-29,2:00 PM,New York Islanders,,Tampa Bay Lightning,,,,,
2025-03-30,8:00 PM,Toronto Maple Leafs,,Anaheim Ducks,,,,,
2025-03-30,5:00 PM,New York Islanders,,Carolina Hurricanes,,,,,
2025-03-30,4:00 PM,Utah Hockey Club,,Chicago Blackhawks,,,,,
2025-03-30,1:00 PM,Montreal Canadiens,,Florida Panthers,,,,,
2025-03-30,10:00 PM,San Jose Sharks,,Los Angeles Kings,,,,,
2025-03-30,5:00 PM,Ottawa Senators,,Pittsburgh Penguins,,,,,
2025-03-30,3:00 PM,Vancouver Canucks,,Winnipeg Jets,,,,,
2025-03-30,3:00 PM,Buffalo Sabres,,Washington Capitals,,,,,
2025-03-31,8:30 PM,Calgary Flames,,Colorado Avalanche,,,,,
2025-03-31,7:00 PM,Minnesota Wild,,New Jersey Devils,,,,,
2025-03-31,7:00 PM,Nashville Predators,,Philadelphia Flyers,,,,,
2025-03-31,10:00 PM,Dallas Stars,,Seattle Kraken,,,,,
2025-04-01,10:00 PM,San Jose Sharks,,Anaheim Ducks,,,,,
2025-04-01,7:00 PM,Washington Capitals,,Boston Bruins,,,,,
2025-04-01,7:00 PM,Nashville Predators,,Columbus Blue Jackets,,,,,
2025-04-01,10:30 PM,Winnipeg Jets,,Los Angeles Kings,,,,,
2025-04-01,7:00 PM,Florida Panthers,,Montreal Canadiens,,,,,
2025-04-01,7:30 PM,Tampa Bay Lightning,,New York Islanders,,,,,
2025-04-01,7:00 PM,Buffalo Sabres,,Ottawa Senators,,,,,
2025-04-01,8:00 PM,Detroit Red Wings,,St. Louis Blues,,,,,
2025-04-01,9:00 PM,Calgary Flames,,Utah Hockey Club,,,,,
2025-04-01,10:00 PM,Edmonton Oilers,,Vegas Golden Knights,,,,,
2025-04-02,7:00 PM,Washington Capitals,,Carolina Hurricanes,,,,,
2025-04-02,9:30 PM,Colorado Avalanche,,Chicago Blackhawks,,,,,
2025-04-02,7:00 PM,Minnesota Wild,,New York Rangers,,,,,
2025-04-02,7:30 PM,Florida Panthers,,Toronto Maple Leafs,,,,,
2025-04-02,10:30 PM,Seattle Kraken,,Vancouver Canucks,,,,,
2025-04-03,7:30 PM,Colorado Avalanche,,Columbus Blue Jackets,,,,,
2025-04-03,9:30 PM,Anaheim Ducks,,Calgary Flames,,,,,
2025-04-03,8:00 PM,Nashville Predators,,Dallas Stars,,,,,
2025-04-03,7:00 PM,Boston Bruins,,Montreal Canadiens,,,,,
2025-04-03,7:00 PM,Tampa Bay Lightning,,Ottawa Senators,,,,,
2025-04-03,10:30 PM,Edmonton Oilers,,San Jose Sharks,,,,,
2025-04-03,8:00 PM,Pittsburgh Penguins,,St. Louis Blues,,,,,
2025-04-03,9:00 PM,Los Angeles Kings,,Utah Hockey Club,,,,,
2025-04-03,10:00 PM,Winnipeg Jets,,Vegas Golden Knights,,,,,
2025-04-04,7:00 PM,Carolina Hurricanes,,Detroit Red Wings,,,,,
2025-04-04,7:30 PM,Minnesota Wild,,New York Islanders,,,,,
2025-04-04,7:00 PM,Chicago Blackhawks,,Washington Capitals,,,,,
2025-04-05,7:00 PM,Carolina Hurricanes,,Boston Bruins,,,,,
2025-04-05,7:00 PM,Tampa Bay Lightning,,Buffalo Sabres,,,,,
2025-04-05,10:00 PM,Vegas Golden Knights,,Calgary Flames,,,,,
2025-04-05,3:00 PM,Pittsburgh Penguins,,Dallas Stars,,,,,
2025-04-05,4:00 PM,Edmonton Oilers,,Los Angeles Kings,,,,,
2025-04-05,7:00 PM,Philadelphia Flyers,,Montreal Canadiens,,,,,
2025-04-05,12:30 PM,New York Rangers,,New Jersey Devils,,,,,
2025-04-05,2:00 PM,Florida Panthers,,Ottawa Senators,,,,,
2025-04-05,10:00 PM,Seattle Kraken,,San Jose Sharks,,,,,
2025-04-05,7:00 PM,Colorado Avalanche,,St. Louis Blues,,,,,
2025-04-05,7:00 PM,Columbus Blue Jackets,,Toronto Maple Leafs,,,,,
2025-04-05,7:00 PM,Winnipeg Jets,,Utah Hockey Club,,,,,
2025-04-05,4:00 PM,Anaheim Ducks,,Vancouver Canucks,,,,,
2025-04-06,6:00 PM,Boston Bruins,,Buffalo Sabres,,,,,
2025-04-06,6:00 PM,Pittsburgh Penguins,,Chicago Blackhawks,,,,,
2025-04-06,5:30 PM,Florida Panthers,,Detroit Red Wings,,,,,
2025-04-06,3:00 PM,Dallas Stars,,Minnesota Wild,,,,,
2025-04-06,7:00 PM,Montreal Canadiens,,Nashville Predators,,,,,
2025-04-06,12:30 PM,Washington Capitals,,New York Islanders,,,,,
2025-04-06,5:00 PM,Columbus Blue Jackets,,Ottawa Senators,,,,,
2025-04-06,10:00 PM,Vegas Golden Knights,,Vancouver Canucks,,,,,
2025-04-07,10:30 PM,Edmonton Oilers,,Anaheim Ducks,,,,,
2025-04-07,10:30 PM,Seattle Kraken,,Los Angeles Kings,,,,,
2025-04-07,7:00 PM,Tampa Bay Lightning,,New York Rangers,,,,,
2025-04-07,10:30 PM,Calgary Flames,,San Jose Sharks,,,,,
2025-04-07,7:30 PM,St. Louis Blues,,Winnipeg Jets,,,,,
2025-04-08,7:00 PM,Carolina Hurricanes,,Buffalo Sabres,,,,,
2025-04-08,7:00 PM,Ottawa Senators,,Columbus Blue Jackets,,,,,
2025-04-08,9:30 PM,Vegas Golden Knights,,Colorado Avalanche,,,,,
2025-04-08,8:00 PM,Vancouver Canucks,,Dallas Stars,,,,,
2025-04-08,7:00 PM,Toronto Maple Leafs,,Florida Panthers,,,,,
2025-04-08,7:00 PM,Detroit Red Wings,,Montreal Canadiens,,,,,
2025-04-08,7:00 PM,Boston Bruins,,New Jersey Devils,,,,,
2025-04-08,8:00 PM,New York Islanders,,Nashville Predators,,,,,
2025-04-08,7:00 PM,Chicago Blackhawks,,Pittsburgh Penguins,,,,,
2025-04-08,9:00 PM,Seattle Kraken,,Utah Hockey Club,,,,,
2025-04-09,10:00 PM,Calgary Flames,,Anaheim Ducks,,,,,
2025-04-09,10:00 PM,St. Louis Blues,,Edmonton Oilers,,,,,
2025-04-09,8:00 PM,San Jose Sharks,,Minnesota Wild,,,,,
2025-04-09,7:30 PM,Philadelphia Flyers,,New York Rangers,,,,,
2025-04-09,7:00 PM,Toronto Maple Leafs,,Tampa Bay Lightning,,,,,
2025-04-10,7:00 PM,Chicago Blackhawks,,Boston Bruins,,,,,
2025-04-10,7:00 PM,Buffalo Sabres,,Columbus Blue Jackets,,,,,
2025-04-10,9:00 PM,Vancouver Canucks,,Colorado Avalanche,,,,,
2025-04-10,8:00 PM,Winnipeg Jets,,Dallas Stars,,,,,
2025-04-10,7:00 PM,Detroit Red Wings,,Florida Panthers,,,,,
2025-04-10,10:00 PM,Anaheim Ducks,,Los Angeles Kings,,,,,
2025-04-10,7:30 PM,New York Rangers,,New York Islanders,,,,,
2025-04-10,9:00 PM,Nashville Predators,,Utah Hockey Club,,,,,
2025-04-10,10:00 PM,Seattle Kraken,,Vegas Golden Knights,,,,,
2025-04-10,7:30 PM,Carolina Hurricanes,,Washington Capitals,,,,,
2025-04-11,10:00 PM,Minnesota Wild,,Calgary Flames,,,,,
2025-04-11,9:30 PM,San Jose Sharks,,Edmonton Oilers,,,,,
2025-04-11,7:00 PM,Pittsburgh Penguins,,New Jersey Devils,,,,,
2025-04-11,7:00 PM,Montreal Canadiens,,Ottawa Senators,,,,,
2025-04-11,7:00 PM,Detroit Red Wings,,Tampa Bay Lightning,,,,,
2025-04-12,3:00 PM,New York Rangers,,Carolina Hurricanes,,,,,
2025-04-12,7:00 PM,Washington Capitals,,Columbus Blue Jackets,,,,,
2025-04-12,7:00 PM,Winnipeg Jets,,Chicago Blackhawks,,,,,
2025-04-12,8:00 PM,Utah Hockey Club,,Dallas Stars,,,,,
2025-04-12,6:00 PM,Buffalo Sabres,,Florida Panthers,,,,,
2025-04-12,4:00 PM,Colorado Avalanche,,Los Angeles Kings,,,,,
2025-04-12,12:30 PM,New York Islanders,,Philadelphia Flyers,,,,,
2025-04-12,10:00 PM,St. Louis Blues,,Seattle Kraken,,,,,
2025-04-12,7:00 PM,Montreal Canadiens,,Toronto Maple Leafs,,,,,
2025-04-12,10:00 PM,Minnesota Wild,,Vancouver Canucks,,,,,
2025-04-12,10:00 PM,Nashville Predators,,Vegas Golden Knights,,,,,
2025-04-13,10:00 PM,Colorado Avalanche,,Anaheim Ducks,,,,,
2025-04-13,5:00 PM,Toronto Maple Leafs,,Carolina Hurricanes,,,,,
2025-04-13,8:00 PM,San Jose Sharks,,Calgary Flames,,,,,
2025-04-13,1:00 PM,New York Islanders,,New Jersey Devils,,,,,
2025-04-13,1:00 PM,Philadelphia Flyers,,Ottawa Senators,,,,,
2025-04-13,3:30 PM,Boston Bruins,,Pittsburgh Penguins,,,,,
2025-04-13,6:00 PM,Buffalo Sabres,,Tampa Bay Lightning,,,,,
2025-04-13,7:00 PM,Edmonton Oilers,,Winnipeg Jets,,,,,
2025-04-13,6:00 PM,Columbus Blue Jackets,,Washington Capitals,,,,,
2025-04-14,7:00 PM,Dallas Stars,,Detroit Red Wings,,,,,
2025-04-14,10:00 PM,Los Angeles Kings,,Edmonton Oilers,,,,,
2025-04-14,7:00 PM,New York Rangers,,Florida Panthers,,,,,
2025-04-14,7:00 PM,Chicago Blackhawks,,Montreal Canadiens,,,,,
2025-04-14,8:00 PM,Utah Hockey Club,,Nashville Predators,,,,,
2025-04-14,10:00 PM,San Jose Sharks,,Vancouver Canucks,,,,,
2025-04-15,7:00 PM,New Jersey Devils,,Boston Bruins,,,,,
2025-04-15,7:00 PM,Toronto Maple Leafs,,Buffalo Sabres,,,,,
2025-04-15,9:00 PM,Vegas Golden Knights,,Calgary Flames,,,,,
2025-04-15,8:00 PM,Anaheim Ducks,,Minnesota Wild,,,,,
2025-04-15,8:00 PM,Washington Capitals,,New York Islanders,,,,,
2025-04-15,7:00 PM,Chicago Blackhawks,,Ottawa Senators,,,,,
2025-04-15,7:00 PM,Columbus Blue Jackets,,Philadelphia Flyers,,,,,
2025-04-15,10:30 PM,Los Angeles Kings,,Seattle Kraken,,,,,
2025-04-15,8:00 PM,Utah Hockey Club,,St. Louis Blues,,,,,
2025-04-15,7:00 PM,Florida Panthers,,Tampa Bay Lightning,,,,,
2025-04-16,7:00 PM,Carolina Hurricanes,,Montreal Canadiens,,,,,
2025-04-16,7:30 PM,Detroit Red Wings,,New Jersey Devils,,,,,
2025-04-16,8:00 PM,Dallas Stars,,Nashville Predators,,,,,
2025-04-16,10:30 PM,Edmonton Oilers,,San Jose Sharks,,,,,
2025-04-16,10:00 PM,Vegas Golden Knights,,Vancouver Canucks,,,,,
2025-04-16,7:00 PM,Anaheim Ducks,,Winnipeg Jets,,,,,
2025-04-17,7:00 PM,Philadelphia Flyers,,Buffalo Sabres,,,,,
2025-04-17,7:00 PM,New York Islanders,,Columbus Blue Jackets,,,,,
2025-04-17,10:30 PM,Calgary Flames,,Los Angeles Kings,,,,,
2025-04-17,7:00 PM,Tampa Bay Lightning,,New York Rangers,,,,,
2025-04-17,7:00 PM,Carolina Hurricanes,,Ottawa Senators,,,,,
2025-04-17,7:00 PM,Washington Capitals,,Pittsburgh Penguins,,,,,
2025-04-17,7:00 PM,Detroit Red Wings,,Toronto Maple Leafs,,,,,
